link,desc,lat,lng,latitude,longitude,imageSrc
https://www.google.com/maps/place/7-Eleven/data=!4m7!3m6!1s0x600106498d926e95:0xf018d3ec10271307!8m2!3d34.998392!4d135.731755!16s%2Fg%2F1tfw2y7r!19sChIJlW6SjUkGAWARBxMnEOzTGPA?authuser=0&hl=es-419&rclk=1,7-Eleven,34.998392,135.731755,34.998392,135.731755,7eleven.png
https://www.google.com/maps/place/FamilyMart/data=!4m7!3m6!1s0x600106364cd6d733:0x6d65d9a53be8b7a9!8m2!3d34.9973079!4d135.735106!16s%2Fg%2F12hp0kb7b!19sChIJM9fWTDYGAWARqbfoO6XZZW0?authuser=0&hl=es-419&rclk=1,FamilyMart,34.9973079,135.735106,34.9973079,135.735106,familymart.png
https://www.google.com/maps/place/7-Eleven/data=!4m7!3m6!1s0x6001064779d14f91:0xde73821740c1034f!8m2!3d34.9924625!4d135.7325907!16s%2Fg%2F11b7qbrb7v!19sChIJkU_ReUcGAWARTwPBQBeCc94?authuser=0&hl=es-419&rclk=1,7-Eleven,34.9924625,135.7325907,34.9924625,135.7325907,7eleven.png
https://www.google.com/maps/place/FamilyMart/data=!4m7!3m6!1s0x60010647ae19c783:0x1acd3c8bc63f8838!8m2!3d34.9922619!4d135.7313807!16s%2Fg%2F11bccm1vnq!19sChIJg8cZrkcGAWAROIg_xos8zRo?authuser=0&hl=es-419&rclk=1,FamilyMart,34.9922619,135.7313807,34.9922619,135.7313807,familymart.png
https://www.google.com/maps/place/7-Eleven+-+Kyoto+Research+Park/data=!4m7!3m6!1s0x6001063bcefece61:0x73b042fe0fb8901f!8m2!3d34.9950549!4d135.7388445!16s%2Fg%2F1tlbjg91!19sChIJYc7-zjsGAWARH5C4D_5CsHM?authuser=0&hl=es-419&rclk=1,7-Eleven - Kyoto Research Park,34.9950549,135.7388445,34.9950549,135.7388445,7eleven.png
https://www.google.com/maps/place/7-Eleven+-+Saiin+Station+South/data=!4m7!3m6!1s0x6001064ac428d187:0x3b1a86821b0b20f3!8m2!3d35.0026282!4d135.7314887!16s%2Fg%2F11ckncjrb3!19sChIJh9EoxEoGAWAR8yALG4KGGjs?authuser=0&hl=es-419&rclk=1,7-Eleven - Saiin Station South,35.0026282,135.7314887,35.0026282,135.7314887,7eleven.png
https://www.google.com/maps/place/FamilyMart+Saiin+South+Store/data=!4m7!3m6!1s0x6001064a95d95555:0xac7c73d6c68ebd7b!8m2!3d35.0023912!4d135.7322434!16s%2Fg%2F1th7msxv!19sChIJVVXZlUoGAWARe72OxtZzfKw?authuser=0&hl=es-419&rclk=1,FamilyMart Saiin South Store,35.0023912,135.7322434,35.0023912,135.7322434,familymart.png
https://www.google.com/maps/place/Daily+Yamazaki/data=!4m7!3m6!1s0x6001063a3d076657:0x7d7e0c2e3f7b0f36!8m2!3d34.9963954!4d135.7386446!16s%2Fg%2F1vljg6vs!19sChIJV2YHPToGAWARNg97Py4Mfn0?authuser=0&hl=es-419&rclk=1,Daily Yamazaki,34.9963954,135.7386446,34.9963954,135.7386446,dailyyamazaki.png
https://www.google.com/maps/place/LAWSON+Nishikyogoku+Kitashozakaicho+Store/data=!4m7!3m6!1s0x6001064e551930e1:0xa416159aee229ae2!8m2!3d34.994058!4d135.7259935!16s%2Fg%2F1tr7j8kt!19sChIJ4TAZVU4GAWAR4poi7poVFqQ?authuser=0&hl=es-419&rclk=1,LAWSON Nishikyogoku Kitashozakaicho Store,34.994058,135.7259935,34.994058,135.7259935,lawson.png
https://www.google.com/maps/place/Lawson+Shijo-Saiin/data=!4m7!3m6!1s0x6001064ab1548b97:0x23f4616853d207c8!8m2!3d35.0033632!4d135.7321891!16s%2Fg%2F1tgb_nz6!19sChIJl4tUsUoGAWARyAfSU2hh9CM?authuser=0&hl=es-419&rclk=1,Lawson Shijo-Saiin,35.0033632,135.7321891,35.0033632,135.7321891,lawson.png
https://www.google.com/maps/place/7-Eleven/data=!4m7!3m6!1s0x60010646b79f0039:0xf3350b7b02bf0654!8m2!3d34.989438!4d135.729467!16s%2Fg%2F11cltkvjb0!19sChIJOQCft0YGAWARVAa_AnsLNfM?authuser=0&hl=es-419&rclk=1,7-Eleven,34.989438,135.729467,34.989438,135.729467,7eleven.png
https://www.google.com/maps/place/FamilyMart+Nishi-shichijo+Nagura/data=!4m7!3m6!1s0x60010646f28ab0e5:0xcf035b27fe83e22c!8m2!3d34.9908662!4d135.7297592!16s%2Fg%2F1v3kmzbq!19sChIJ5bCK8kYGAWARLOKD_idbA88?authuser=0&hl=es-419&rclk=1,FamilyMart Nishi-shichijo Nagura,34.9908662,135.7297592,34.9908662,135.7297592,familymart.png
https://www.google.com/maps/place/Seven+Bank+ATM/data=!4m7!3m6!1s0x6001079a07804ce1:0xc2e3d3e12dd5c7d3!8m2!3d34.998386!4d135.731746!16s%2Fg%2F11jlhlwrzj!19sChIJ4UyAB5oHAWAR08fVLeHT48I?authuser=0&hl=es-419&rclk=1,Seven Bank ATM,34.998386,135.731746,34.998386,135.731746,konbini.png
https://www.google.com/maps/place/Ministop/data=!4m7!3m6!1s0x6001063c0cb8b611:0xe9ad3cd961ffa6e6!8m2!3d34.9930073!4d135.7390381!16s%2Fg%2F1x6q1nlh!19sChIJEba4DDwGAWAR5qb_Ydk8rek?authuser=0&hl=es-419&rclk=1,Ministop,34.9930073,135.7390381,34.9930073,135.7390381,ministop.JPG
https://www.google.com/maps/place/7-Eleven;+Goj%C5%8D+Senbon/data=!4m7!3m6!1s0x60010624cc04f871:0x1b6bf8b9e2d06aeb!8m2!3d34.996454!4d135.7428746!16s%2Fg%2F1ts3fj1v!19sChIJcfgEzCQGAWAR62rQ4rn4axs?authuser=0&hl=es-419&rclk=1,7-Eleven; Gojō Senbon,34.996454,135.7428746,34.996454,135.7428746,7eleven.png
https://www.google.com/maps/place/Lawson+-+Saiin+West/data=!4m7!3m6!1s0x600107f04161074f:0x9ca53dcecb8c2ff5!8m2!3d35.0036856!4d135.730627!16s%2Fg%2F11jz74d6b1!19sChIJTwdhQfAHAWAR9S-My849pZw?authuser=0&hl=es-419&rclk=1,Lawson - Saiin West,35.0036856,135.730627,35.0036856,135.730627,lawson.png
https://www.google.com/maps/place/FamilyMart/data=!4m7!3m6!1s0x6001064dd406073d:0x9980d1ec4a07d723!8m2!3d34.9996867!4d135.722963!16s%2Fg%2F1vntjs_l!19sChIJPQcG1E0GAWARI9cHSuzRgJk?authuser=0&hl=es-419&rclk=1,FamilyMart,34.9996867,135.722963,34.9996867,135.722963,familymart.png
https://www.google.com/maps/place/Family+Mart/data=!4m7!3m6!1s0x600107b52ff99ceb:0xda9bd7b2a069b771!8m2!3d35.0033242!4d135.7314536!16s%2Fg%2F1tf3ntdh!19sChIJ65z5L7UHAWARcbdpoLLXm9o?authuser=0&hl=es-419&rclk=1,Family Mart,35.0033242,135.7314536,35.0033242,135.7314536,familymart.png
https://www.google.com/maps/place/7-Eleven+-+Keifuku+Sai+Station/data=!4m7!3m6!1s0x600106355666691d:0x781746655ccc3917!8m2!3d35.0037325!4d135.7333092!16s%2Fg%2F11c74y68nm!19sChIJHWlmVjUGAWARFznMXGVGF3g?authuser=0&hl=es-419&rclk=1,7-Eleven - Keifuku Sai Station,35.0037325,135.7333092,35.0037325,135.7333092,7eleven.png
https://www.google.com/maps/place/Lawson+-+Shij%C5%8D+Nakashinmichi/data=!4m7!3m6!1s0x60010633bd6451e7:0xb06f5edc02580f2b!8m2!3d35.0037677!4d135.7390931!16s%2Fg%2F11bwf841ct!19sChIJ51FkvTMGAWARKw9YAtxeb7A?authuser=0&hl=es-419&rclk=1,Lawson - Shijō Nakashinmichi,35.0037677,135.7390931,35.0037677,135.7390931,lawson.png
https://www.google.com/maps/place/7-Eleven+Umekoji+K%C5%8Dennishi/data=!4m7!3m6!1s0x6001061712e844d7:0xe2f986a4c0aa91a1!8m2!3d34.9872704!4d135.7416063!16s%2Fg%2F11clwrq4tq!19sChIJ10ToEhcGAWARoZGqwKSG-eI?authuser=0&hl=es-419&rclk=1,7-Eleven Umekoji Kōennishi,34.9872704,135.7416063,34.9872704,135.7416063,7eleven.png
https://www.google.com/maps/place/7-Eleven/data=!4m7!3m6!1s0x600107abbcc379f3:0x58c09ab097f7cff6!8m2!3d34.9988841!4d135.7429388!16s%2Fg%2F11nycw1ph5!19sChIJ83nDvKsHAWAR9s_3l7CawFg?authuser=0&hl=es-419&rclk=1,7-Eleven,34.9988841,135.7429388,34.9988841,135.7429388,7eleven.png
https://www.google.com/maps/place/FamilyMart/data=!4m7!3m6!1s0x60010653953736a5:0x4cd98d35266de3c6!8m2!3d34.9946616!4d135.7200284!16s%2Fg%2F1td4dfxv!19sChIJpTY3lVMGAWARxuNtJjWN2Uw?authuser=0&hl=es-419&rclk=1,FamilyMart,34.9946616,135.7200284,34.9946616,135.7200284,familymart.png
https://www.google.com/maps/place/Lawson+Shij%C5%8D+Nishik%C5%8Dji/data=!4m7!3m6!1s0x600107b24eb2ff01:0xf30b6d19b4c944c6!8m2!3d35.0037038!4d135.7257526!16s%2Fg%2F1tgd6f3w!19sChIJAf-yTrIHAWARxkTJtBltC_M?authuser=0&hl=es-419&rclk=1,Lawson Shijō Nishikōji,35.0037038,135.7257526,35.0037038,135.7257526,lawson.png
https://www.google.com/maps/place/Kyoto+Chuo+Shinkin+Bank/data=!4m7!3m6!1s0x6001064840229a0d:0x5ae6b865649cf721!8m2!3d34.9956684!4d135.7318621!16s%2Fg%2F1td0yc8c!19sChIJDZoiQEgGAWARIfecZGW45lo?authuser=0&hl=es-419&rclk=1,Kyoto Chuo Shinkin Bank,34.9956684,135.7318621,34.9956684,135.7318621,konbini.png
https://www.google.com/maps/place/E-net+ATM/data=!4m7!3m6!1s0x600107393809a04b:0x6e8861f1d1aae7fd!8m2!3d34.9973214!4d135.7351021!16s%2Fg%2F11b5pm1cwq!19sChIJS6AJODkHAWAR_eeq0fFhiG4?authuser=0&hl=es-419&rclk=1,E-net ATM,34.9973214,135.7351021,34.9973214,135.7351021,konbini.png
https://www.google.com/maps/place/7-Eleven/data=!4m7!3m6!1s0x600106538ec74719:0xd51732f484e7c065!8m2!3d34.9946527!4d135.71942!16s%2Fg%2F11c1p4fy91!19sChIJGUfHjlMGAWARZcDnhPQyF9U?authuser=0&hl=es-419&rclk=1,7-Eleven,34.9946527,135.71942,34.9946527,135.71942,7eleven.png
https://www.google.com/maps/place/Lawson+Kisshoin+Nishinosho/data=!4m7!3m6!1s0x6001066a0e0e206b:0xcdd73acf5c78b837!8m2!3d34.9839281!4d135.7292718!16s%2Fg%2F1tmgcb3d!19sChIJayAODmoGAWARN7h4XM86180?authuser=0&hl=es-419&rclk=1,Lawson Kisshoin Nishinosho,34.9839281,135.7292718,34.9839281,135.7292718,lawson.png
https://www.google.com/maps/place/FamilyMart+Kadonooji+Takatsuji/data=!4m7!3m6!1s0x600106524127fa75:0xf143e6ee96497b75!8m2!3d34.9990379!4d135.7194717!16s%2Fg%2F1tj52hg5!19sChIJdfonQVIGAWARdXtJlu7mQ_E?authuser=0&hl=es-419&rclk=1,FamilyMart Kadonooji Takatsuji,34.9990379,135.7194717,34.9990379,135.7194717,familymart.png
https://www.google.com/maps/place/FamilyMart+Umekoji+Kyoto-Nishi+Station+Store/data=!4m7!3m6!1s0x600107f06b9542d5:0x5cbf0bf4a43e2af5!8m2!3d34.9881532!4d135.7443863!16s%2Fg%2F11mhklc75n!19sChIJ1UKVa_AHAWAR9So-pPQLv1w?authuser=0&hl=es-419&rclk=1,FamilyMart Umekoji Kyoto-Nishi Station Store,34.9881532,135.7443863,34.9881532,135.7443863,familymart.png
https://www.google.com/maps/place/7-Eleven+Ky%C5%8Dto+Mibugawa-Bukk%C5%8Dji/data=!4m7!3m6!1s0x6001062f5ce15555:0xf9e30362c5a10a2d!8m2!3d35.0016429!4d135.7463397!16s%2Fg%2F11_tnf2th!19sChIJVVXhXC8GAWARLQqhxWID4_k?authuser=0&hl=es-419&rclk=1,7-Eleven Kyōto Mibugawa-Bukkōji,35.0016429,135.7463397,35.0016429,135.7463397,7eleven.png
https://www.google.com/maps/place/%E9%8A%80%E8%A1%8CATM+%7C+%E3%82%A4%E3%83%BC%E3%83%8D%E3%83%83%E3%83%88+%E3%83%A9%E3%82%A4%E3%83%95%E3%82%BB%E3%83%B3%E3%83%88%E3%83%A9%E3%83%AB%E3%82%B9%E3%82%AF%E3%82%A8%E3%82%A2%E8%A5%BF%E5%A4%A7%E8%B7%AF%E8%8A%B1%E5%B1%8B%E7%94%BA+%E5%85%B1%E5%90%8C%E5%87%BA%E5%BC%B5%E6%89%80/data=!4m7!3m6!1s0x600107077fada861:0x7209843f01224725!8m2!3d34.992835!4d135.732595!16s%2Fg%2F11j6fl3kf4!19sChIJYaitfwcHAWARJUciAT-ECXI?authuser=0&hl=es-419&rclk=1,銀行ATM | イーネット ライフセントラルスクエア西大路花屋町 共同出張所,34.992835,135.732595,34.992835,135.732595,konbini.png
https://www.google.com/maps/place/%E3%82%86%E3%81%86%E3%81%A1%E3%82%87%E9%8A%80%E8%A1%8CATM+%E4%BA%AC%E9%83%BD%E6%9D%B1%E4%B8%AD%E6%B0%B4%E9%83%B5%E4%BE%BF%E5%B1%80/data=!4m7!3m6!1s0x6001064813264ac7:0x2909fbaa03625ab8!8m2!3d34.9952849!4d135.7320065!16s%2Fg%2F11ld8dgbxx!19sChIJx0omE0gGAWARuFpiA6r7CSk?authuser=0&hl=es-419&rclk=1,ゆうちょ銀行ATM 京都東中水郵便局,34.9952849,135.7320065,34.9952849,135.7320065,konbini.png
https://www.google.com/maps/place/Lawson+Store+100+Shichijo-Shichihonmatsu/data=!4m7!3m6!1s0x6001063dfd042073:0x10994f789ddea361!8m2!3d34.9890073!4d135.7380269!16s%2Fg%2F1tgjl5g4!19sChIJcyAE_T0GAWARYaPenXhPmRA?authuser=0&hl=es-419&rclk=1,Lawson Store 100 Shichijo-Shichihonmatsu,34.9890073,135.7380269,34.9890073,135.7380269,lawson.png
https://www.google.com/maps/place/7-Eleven+Nishiky%C5%8Dgoku+Athletic+Park/data=!4m7!3m6!1s0x6001070036f521cb:0x6d46f68c908546e0!8m2!3d34.9954486!4d135.7123378!16s%2Fg%2F11btrr82lw!19sChIJyyH1NgAHAWAR4EaFkIz2Rm0?authuser=0&hl=es-419&rclk=1,7-Eleven Nishikyōgoku Athletic Park,34.9954486,135.7123378,34.9954486,135.7123378,7eleven.png
https://www.google.com/maps/place/7-Eleven/data=!4m7!3m6!1s0x60010774608c9a49:0x458c75392fd97d06!8m2!3d34.9892989!4d135.7430697!16s%2Fg%2F11hfyb05yj!19sChIJSZqMYHQHAWARBn3ZLzl1jEU?authuser=0&hl=es-419&rclk=1,7-Eleven,34.9892989,135.7430697,34.9892989,135.7430697,7eleven.png
https://www.google.com/maps/place/FamilyMart+Shichijo-Mibu/data=!4m7!3m6!1s0x6001061cf2f8a31d:0xc7e3cb27b6e0feb7!8m2!3d34.9893334!4d135.7456917!16s%2Fg%2F1vg4jpyh!19sChIJHaP48hwGAWARt_7gtifL48c?authuser=0&hl=es-419&rclk=1,FamilyMart Shichijo-Mibu,34.9893334,135.7456917,34.9893334,135.7456917,familymart.png
https://www.google.com/maps/place/E-net+ATM/data=!4m7!3m6!1s0x600107d0d3175fa9:0x1be5e03ac339ce5b!8m2!3d34.992482!4d135.731416!16s%2Fg%2F11j6fkrwjt!19sChIJqV8X09AHAWARW845wzrg5Rs?authuser=0&hl=es-419&rclk=1,E-net ATM,34.992482,135.731416,34.992482,135.731416,konbini.png
https://www.google.com/maps/place/%E4%BA%AC%E9%83%BD%E4%B8%AD%E5%A4%AE%E4%BF%A1%E7%94%A8%E9%87%91%E5%BA%ABATM/data=!4m7!3m6!1s0x6001072729131b6f:0xb00a2db86e7137f9!8m2!3d34.9998109!4d135.7344234!16s%2Fg%2F11txdvcb9g!19sChIJbxsTKScHAWAR-TdxbrgtCrA?authuser=0&hl=es-419&rclk=1,京都中央信用金庫ATM,34.9998109,135.7344234,34.9998109,135.7344234,konbini.png
https://www.google.com/maps/place/FamilyMart/data=!4m7!3m6!1s0x600106514fa9bb4d:0x9b7776ca732efa46!8m2!3d34.9925608!4d135.7194384!16s%2Fg%2F1hc3g1hrk!19sChIJTbupT1EGAWARRvouc8p2d5s?authuser=0&hl=es-419&rclk=1,FamilyMart,34.9925608,135.7194384,34.9925608,135.7194384,familymart.png
https://www.google.com/maps/place/Ky%C5%8Dto+Higashinakamizu+Post+Office/data=!4m7!3m6!1s0x6001064814acbd73:0xf6ba204b7ccac9b7!8m2!3d34.9953141!4d135.7320055!16s%2Fg%2F1tg35375!19sChIJc72sFEgGAWARt8nKfEsguvY?authuser=0&hl=es-419&rclk=1,Kyōto Higashinakamizu Post Office,34.9953141,135.7320055,34.9953141,135.7320055,konbini.png
https://www.google.com/maps/place/%E3%82%B3%E3%83%B3%E3%83%93%E3%83%8B/data=!4m7!3m6!1s0x600107007eb1da5d:0x76cffdaa300b69be!8m2!3d34.9979943!4d135.7425101!16s%2Fg%2F11yj4xg5pl!19sChIJXdqxfgAHAWARvmkLMKr9z3Y?authuser=0&hl=es-419&rclk=1,コンビニ,34.9979943,135.7425101,34.9979943,135.7425101,konbini.png
https://www.google.com/maps/place/LAWSON+Omiya+Gojo/data=!4m7!3m6!1s0x60010623dff7d961:0x7a4a3ceb873b4b9e!8m2!3d34.9960035!4d135.7473788!16s%2Fg%2F1tff2yg2!19sChIJYdn33yMGAWARnks7h-s8Sno?authuser=0&hl=es-419&rclk=1,LAWSON Omiya Gojo,34.9960035,135.7473788,34.9960035,135.7473788,lawson.png
https://www.google.com/maps/place/FamilyMart+Kadono-Shichijo/data=!4m7!3m6!1s0x6001065a3f43d7a5:0xdd148ab15db084cc!8m2!3d34.9878127!4d135.7201206!16s%2Fg%2F1tdr3652!19sChIJpddDP1oGAWARzISwXbGKFN0?authuser=0&hl=es-419&rclk=1,FamilyMart Kadono-Shichijo,34.9878127,135.7201206,34.9878127,135.7201206,familymart.png
https://www.google.com/maps/place/FamilyMart+Nishioji-Kujo/data=!4m7!3m6!1s0x60010612cb59b4db:0xa61d0d34b515dd60!8m2!3d34.9786792!4d135.733232!16s%2Fg%2F1tgdt0nd!19sChIJ27RZyxIGAWARYN0VtTQNHaY?authuser=0&hl=es-419&rclk=1,FamilyMart Nishioji-Kujo,34.9786792,135.733232,34.9786792,135.733232,familymart.png
https://www.google.com/maps/place/E-net+ATM/data=!4m7!3m6!1s0x6001074ef6662871:0x7a72f4072f0f8498!8m2!3d35.002368!4d135.732212!16s%2Fg%2F11jgv_xyl1!19sChIJcShm9k4HAWARmIQPLwf0cno?authuser=0&hl=es-419&rclk=1,E-net ATM,35.002368,135.732212,35.002368,135.732212,konbini.png
https://www.google.com/maps/place/Lawson+-+Shij%C5%8D+%C5%8Cmiya/data=!4m7!3m6!1s0x6001062edd133ced:0x42570c83842e576b!8m2!3d35.0037935!4d135.7462559!16s%2Fg%2F1tf4dycl!19sChIJ7TwT3S4GAWARa1cuhIMMV0I?authuser=0&hl=es-419&rclk=1,Lawson - Shijō Ōmiya,35.0037935,135.7462559,35.0037935,135.7462559,lawson.png
https://www.google.com/maps/place/Lawson+Store+100/data=!4m7!3m6!1s0x6001062ff6f88ae1:0x6f71576c14899e5!8m2!3d34.999924!4d135.743367!16s%2Fg%2F1tn013qt!19sChIJ4Yr49i8GAWAR5ZlIwXYV9wY?authuser=0&hl=es-419&rclk=1,Lawson Store 100,34.999924,135.743367,34.999924,135.743367,lawson.png
https://www.google.com/maps/place/Lawson+-+Nishioji+Sanjo/data=!4m7!3m6!1s0x600107b5fe5d8711:0xf8dbe98a1aa67b42!8m2!3d35.0081829!4d135.7329478!16s%2Fg%2F1th7y7g0!19sChIJEYdd_rUHAWARQnumGorp2_g?authuser=0&hl=es-419&rclk=1,Lawson - Nishioji Sanjo,35.0081829,135.7329478,35.0081829,135.7329478,lawson.png
https://www.google.com/maps/place/Seven+Bank+ATM/data=!4m7!3m6!1s0x600107ba5e02194b:0xa249054b05d03be0!8m2!3d34.9949427!4d135.7389541!16s%2Fg%2F11jjlrwxtl!19sChIJSxkCXroHAWAR4DvQBUsFSaI?authuser=0&hl=es-419&rclk=1,Seven Bank ATM,34.9949427,135.7389541,34.9949427,135.7389541,konbini.png
https://www.google.com/maps/place/FamilyMart+Goj%C5%8D-%C5%8Cmiya/data=!4m7!3m6!1s0x6001062100cce599:0x64b4fcea1873c591!8m2!3d34.9959875!4d135.7494214!16s%2Fg%2F1v9lbn_l!19sChIJmeXMACEGAWARkcVzGOr8tGQ?authuser=0&hl=es-419&rclk=1,FamilyMart Gojō-Ōmiya,34.9959875,135.7494214,34.9959875,135.7494214,familymart.png
https://www.google.com/maps/place/7-Eleven/data=!4m7!3m6!1s0x600107b69d15aaab:0xebbcb9b87a9d4b98!8m2!3d35.0074132!4d135.7296949!16s%2Fg%2F11d_yvym_w!19sChIJq6oVnbYHAWARmEuderi5vOs?authuser=0&hl=es-419&rclk=1,7-Eleven,35.0074132,135.7296949,35.0074132,135.7296949,7eleven.png
https://www.google.com/maps/place/7-Eleven+Kyoto-Karahashi-Kawakubo/data=!4m7!3m6!1s0x6001060dc2097ec5:0xb84838470f17d95c!8m2!3d34.9780279!4d135.7373462!16s%2Fg%2F11b5pjhyj7!19sChIJxX4Jwg0GAWARXNkXD0c4SLg?authuser=0&hl=es-419&rclk=1,7-Eleven Kyoto-Karahashi-Kawakubo,34.9780279,135.7373462,34.9780279,135.7373462,7eleven.png
https://www.google.com/maps/place/Seven+Bank+ATM/data=!4m7!3m6!1s0x6001072fe0c0d3e7:0xa03252c78896f6e6!8m2!3d35.002746!4d135.731355!16s%2Fg%2F11jlhmkwf1!19sChIJ59PA4C8HAWAR5vaWiMdSMqA?authuser=0&hl=es-419&rclk=1,Seven Bank ATM,35.002746,135.731355,35.002746,135.731355,konbini.png
https://www.google.com/maps/place/Lawson+Bank+Saiin+Kasugadori+Conjunction+Branch/data=!4m7!3m6!1s0x60010749def54b35:0xa3f1b792747bd45b!8m2!3d35.0014008!4d135.7297595!16s%2Fg%2F11h_6wvkhq!19sChIJNUv13kkHAWARW9R7dJK38aM?authuser=0&hl=es-419&rclk=1,Lawson Bank Saiin Kasugadori Conjunction Branch,35.0014008,135.7297595,35.0014008,135.7297595,lawson.png
https://www.google.com/maps/place/Lawson+Store+100/data=!4m7!3m6!1s0x600107aecb510b27:0x7ac5af3fa2d6d901!8m2!3d35.0034633!4d135.7189619!16s%2Fg%2F1tnbl0ln!19sChIJJwtRy64HAWARAdnWoj-vxXo?authuser=0&hl=es-419&rclk=1,Lawson Store 100,35.0034633,135.7189619,35.0034633,135.7189619,lawson.png
https://www.google.com/maps/place/FamilyMart+-+Kadono-nishi-dori/data=!4m7!3m6!1s0x60010700d3340ff7:0x743208f209a38af0!8m2!3d34.9987819!4d135.7121904!16s%2Fg%2F1pty_gytn!19sChIJ9w800wAHAWAR8IqjCfIIMnQ?authuser=0&hl=es-419&rclk=1,FamilyMart - Kadono-nishi-dori,34.9987819,135.7121904,34.9987819,135.7121904,familymart.png
https://www.google.com/maps/place/FamilyMart+-+Nishioji+Sanjo/data=!4m7!3m6!1s0x600106353546c7f9:0x24226fdeedf373f4!8m2!3d35.0077348!4d135.7315591!16s%2Fg%2F1tdfb_sy!19sChIJ-cdGNTUGAWAR9HPz7d5vIiQ?authuser=0&hl=es-419&rclk=1,FamilyMart - Nishioji Sanjo,35.0077348,135.7315591,35.0077348,135.7315591,familymart.png
https://www.google.com/maps/place/7-Eleven/data=!4m7!3m6!1s0x60010706f131108f:0x6474720d20413e62!8m2!3d35.0002634!4d135.7110079!16s%2Fg%2F11bwfm6zvk!19sChIJjxAx8QYHAWARYj5BIA1ydGQ?authuser=0&hl=es-419&rclk=1,7-Eleven,35.0002634,135.7110079,35.0002634,135.7110079,7eleven.png
https://www.google.com/maps/place/eNet+ATM+FamilyMart+Nishi-shichijo+Nagura/data=!4m7!3m6!1s0x60010757328b1faf:0x38f00c9cca25cff3!8m2!3d34.99081!4d135.729713!16s%2Fg%2F11j6fkwphx!19sChIJrx-LMlcHAWAR888lypwM8Dg?authuser=0&hl=es-419&rclk=1,eNet ATM FamilyMart Nishi-shichijo Nagura,34.99081,135.729713,34.99081,135.729713,familymart.png
https://www.google.com/maps/place/FamilyMart+Karahashi-Rajomoncho/data=!4m7!3m6!1s0x6001060faa7d378f:0xc1a94a084d35d1c3!8m2!3d34.9784911!4d135.7404384!16s%2Fg%2F1tk6301_!19sChIJjzd9qg8GAWARw9E1TQhKqcE?authuser=0&hl=es-419&rclk=1,FamilyMart Karahashi-Rajomoncho,34.9784911,135.7404384,34.9784911,135.7404384,familymart.png
https://www.google.com/maps/place/Ministop/data=!4m7!3m6!1s0x600108b131777ffb:0xeca34d4069098bde!8m2!3d34.9880167!4d135.7490339!16s%2Fg%2F11b5pm1358!19sChIJ-393MbEIAWAR3osJaUBNo-w?authuser=0&hl=es-419&rclk=1,Ministop,34.9880167,135.7490339,34.9880167,135.7490339,ministop.JPG
https://www.google.com/maps/place/Matsumoto/data=!4m7!3m6!1s0x60010624d774cbf3:0x74c839d50ccf4700!8m2!3d34.9973539!4d135.7431318!16s%2Fg%2F1wnf0yx5!19sChIJ88t01yQGAWARAEfPDNU5yHQ?authuser=0&hl=es-419&rclk=1,Matsumoto,34.9973539,135.7431318,34.9973539,135.7431318,konbini.png
https://www.google.com/maps/place/7-Eleven+Shij%C5%8D-%C5%8Cmiya/data=!4m7!3m6!1s0x60010628e670756d:0xf1d39bde299d3a1a!8m2!3d35.003961!4d135.7488785!16s%2Fg%2F1tnhy6wv!19sChIJbXVw5igGAWARGjqdKd6b0_E?authuser=0&hl=es-419&rclk=1,7-Eleven Shijō-Ōmiya,35.003961,135.7488785,35.003961,135.7488785,7eleven.png
https://www.google.com/maps/place/%E3%82%BB%E3%83%96%E3%83%B3%E9%8A%80%E8%A1%8CATM/data=!4m7!3m6!1s0x600107dd747f9de9:0x66348bd1b46a7707!8m2!3d34.9947996!4d135.7247438!16s%2Fg%2F11gwmkkp4_!19sChIJ6Z1_dN0HAWARB3dqtNGLNGY?authuser=0&hl=es-419&rclk=1,セブン銀行ATM,34.9947996,135.7247438,34.9947996,135.7247438,konbini.png
https://www.google.com/maps/place/Lawson+Tenjingawa+Hachijo/data=!4m7!3m6!1s0x6001065bfc213bc1:0x6c63549f63470a53!8m2!3d34.9845509!4d135.7191224!16s%2Fg%2F1tgnrkgl!19sChIJwTsh_FsGAWARUwpHY59UY2w?authuser=0&hl=es-419&rclk=1,Lawson Tenjingawa Hachijo,34.9845509,135.7191224,34.9845509,135.7191224,lawson.png
https://www.google.com/maps/place/E-net+ATM/data=!4m7!3m6!1s0x600107dd6268f4dd:0x37a6466e22c5a34b!8m2!3d34.989506!4d135.733973!16s%2Fg%2F11fvj044nq!19sChIJ3fRoYt0HAWARS6PFIm5Gpjc?authuser=0&hl=es-419&rclk=1,E-net ATM,34.989506,135.733973,34.989506,135.733973,konbini.png
https://www.google.com/maps/place/FamilyMart+Shij%C5%8D-%C5%8Cmiya/data=!4m7!3m6!1s0x60010628d28c9d71:0xc6a55c4f61c2acd5!8m2!3d35.0034233!4d135.7474874!16s%2Fg%2F1hm4xrmzw!19sChIJcZ2M0igGAWAR1azCYU9cpcY?authuser=0&hl=es-419&rclk=1,FamilyMart Shijō-Ōmiya,35.0034233,135.7474874,35.0034233,135.7474874,familymart.png
https://www.google.com/maps/place/Lawson+Umetsu+Takatsuji/data=!4m7!3m6!1s0x600107067d7fe4d3:0x797cb172b520c0a2!8m2!3d35.0000293!4d135.7099404!16s%2Fg%2F11bwn384rc!19sChIJ0-R_fQYHAWARosAgtXKxfHk?authuser=0&hl=es-419&rclk=1,Lawson Umetsu Takatsuji,35.0000293,135.7099404,35.0000293,135.7099404,lawson.png
https://www.google.com/maps/place/7-Eleven/data=!4m7!3m6!1s0x60010620afc822dd:0x32e890ea9e53c85b!8m2!3d34.9985804!4d135.7519266!16s%2Fg%2F1tznm7q3!19sChIJ3SLIryAGAWARW8hTnuqQ6DI?authuser=0&hl=es-419&rclk=1,7-Eleven,34.9985804,135.7519266,34.9985804,135.7519266,7eleven.png
https://www.google.com/maps/place/7-Eleven;+Ky%C5%8Dto+Nishi%C5%8Dji+Oike/data=!4m7!3m6!1s0x600107df3a0b0359:0xad9de43715d77b65!8m2!3d35.0105661!4d135.7320838!16s%2Fg%2F11h2bb11z8!19sChIJWQMLOt8HAWARZXvXFTfkna0?authuser=0&hl=es-419&rclk=1,7-Eleven; Kyōto Nishiōji Oike,35.0105661,135.7320838,35.0105661,135.7320838,7eleven.png
https://www.google.com/maps/place/%E3%82%86%E3%81%86%E3%81%A1%E3%82%87%E9%8A%80%E8%A1%8CATM+%E4%BA%AC%E9%83%BD%E4%B8%AD%E5%A0%82%E5%AF%BA%E9%83%B5%E4%BE%BF%E5%B1%80/data=!4m7!3m6!1s0x60010630c9c8fa01:0x9e7bfbe32ee2b8d0!8m2!3d34.9984549!4d135.7382096!16s%2Fg%2F11ld8hvqcc!19sChIJAfrIyTAGAWAR0LjiLuP7e54?authuser=0&hl=es-419&rclk=1,ゆうちょ銀行ATM 京都中堂寺郵便局,34.9984549,135.7382096,34.9984549,135.7382096,konbini.png
https://www.google.com/maps/place/Lawson+-+Horikawa+Takatsuji/data=!4m7!3m6!1s0x600106276705158f:0xfc43761b7e9449b2!8m2!3d35.000339!4d135.751706!16s%2Fg%2F1tj3kzpt!19sChIJjxUFZycGAWARskmUfht2Q_w?authuser=0&hl=es-419&rclk=1,Lawson - Horikawa Takatsuji,35.000339,135.751706,35.000339,135.751706,lawson.png
https://www.google.com/maps/place/FamilyMart+-+Omiya+Takatsuji/data=!4m7!3m6!1s0x6001089fd6f2be9b:0x5bcba516781c268b!8m2!3d35.0000144!4d135.7493061!16s%2Fg%2F11dx9f_600!19sChIJm77y1p8IAWARiyYceBaly1s?authuser=0&hl=es-419&rclk=1,FamilyMart - Omiya Takatsuji,35.0000144,135.7493061,35.0000144,135.7493061,familymart.png
https://www.google.com/maps/place/E-net+ATM/data=!4m7!3m6!1s0x600107bc76c30949:0xbb4c985a4f4f044b!8m2!3d35.003435!4d135.735927!16s%2Fg%2F11jgw0xnlj!19sChIJSQnDdrwHAWARSwRPT1qYTLs?authuser=0&hl=es-419&rclk=1,E-net ATM,35.003435,135.735927,35.003435,135.735927,konbini.png
https://www.google.com/maps/place/7-Eleven+Kyoto-Shichijo-Omiya/data=!4m7!3m6!1s0x6001061e90ea1ccf:0x364c05fc220a1a4b!8m2!3d34.989635!4d135.748917!16s%2Fg%2F1xtf1g9_!19sChIJzxzqkB4GAWARSxoKIvwFTDY?authuser=0&hl=es-419&rclk=1,7-Eleven Kyoto-Shichijo-Omiya,34.989635,135.748917,34.989635,135.748917,7eleven.png
https://www.google.com/maps/place/Ky%C5%8Dto+Ch%C5%AB%C5%8D+Shinkin+Bank/data=!4m7!3m6!1s0x6001064c35f30b89:0xda69e76e1221ffc6!8m2!3d34.9975016!4d135.7263054!16s%2Fg%2F11b6c9fydw!19sChIJiQvzNUwGAWARxv8hEm7nado?authuser=0&hl=es-419&rclk=1,Kyōto Chūō Shinkin Bank,34.9975016,135.7263054,34.9975016,135.7263054,konbini.png
https://www.google.com/maps/place/Lawson+Bank+Conjunction+Branch/data=!4m7!3m6!1s0x60010710f617a61f:0xfbbc36dd7c4e4bf!8m2!3d34.9940819!4d135.725928!16s%2Fg%2F11fn6yk3dd!19sChIJH6YX9hAHAWARv-TE123Duw8?authuser=0&hl=es-419&rclk=1,Lawson Bank Conjunction Branch,34.9940819,135.725928,34.9940819,135.725928,lawson.png
https://www.google.com/maps/place/Lawson+Katsura-Asahich%C5%8D/data=!4m7!3m6!1s0x600106f6a9bd83c3:0xdd6f934cb1f3fdfc!8m2!3d34.9800601!4d135.7098012!16s%2Fg%2F11bwf7_vc_!19sChIJw4O9qfYGAWAR_P3zsUyTb90?authuser=0&hl=es-419&rclk=1,Lawson Katsura-Asahichō,34.9800601,135.7098012,34.9800601,135.7098012,lawson.png
https://www.google.com/maps/place/%E3%82%86%E3%81%86%E3%81%A1%E3%82%87%E9%8A%80%E8%A1%8C+%E5%A4%A7%E9%98%AA%E6%94%AF%E5%BA%97+%E3%83%95%E3%82%A1%E3%83%9F%E3%83%AA%E3%83%BC%E3%83%9E%E3%83%BC%E3%83%88%E9%98%AA%E6%80%A5%E8%A5%BF%E9%99%A2%E9%A7%85%E5%89%8D%E5%BA%97%E5%86%85%E5%87%BA%E5%BC%B5%E6%89%80/data=!4m7!3m6!1s0x600107d5bd24c98b:0x3c1adbf2991b879b!8m2!3d35.0033321!4d135.7314794!16s%2Fg%2F11fnr1pf3q!19sChIJi8kkvdUHAWARm4cbmfLbGjw?authuser=0&hl=es-419&rclk=1,ゆうちょ銀行 大阪支店 ファミリーマート阪急西院駅前店内出張所,35.0033321,135.7314794,35.0033321,135.7314794,konbini.png
https://www.google.com/maps/place/%E3%82%A4%E3%82%AA%E3%83%B3%E9%8A%80%E8%A1%8C+%E3%82%A4%E3%82%AA%E3%83%B3%E3%83%A2%E3%83%BC%E3%83%AB%E4%BA%AC%E9%83%BD%E4%BA%94%E6%9D%A1%E5%BA%97%E7%AC%AC%E4%BA%8C%E5%87%BA%E5%BC%B5%E6%89%80/data=!4m7!3m6!1s0x6001064c189ee0b7:0x60443d713edb90a1!8m2!3d34.9972007!4d135.7272434!16s%2Fg%2F11b62x27xq!19sChIJt-CeGEwGAWARoZDbPnE9RGA?authuser=0&hl=es-419&rclk=1,イオン銀行 イオンモール京都五条店第二出張所,34.9972007,135.7272434,34.9972007,135.7272434,konbini.png
https://www.google.com/maps/place/FamilyMart/data=!4m7!3m6!1s0x600107ad01125b2d:0x6663b1a1443846e8!8m2!3d35.0038858!4d135.7185239!16s%2Fg%2F1tk6vtjd!19sChIJLVsSAa0HAWAR6EY4RKGxY2Y?authuser=0&hl=es-419&rclk=1,FamilyMart,35.0038858,135.7185239,35.0038858,135.7185239,familymart.png
https://www.google.com/maps/place/Lawson+-+Ky%C5%8Dto+Nishi+Hongan-ji+Temple/data=!4m7!3m6!1s0x600108a0f351b755:0x373b84bbf25c8abc!8m2!3d34.992923!4d135.753313!16s%2Fg%2F1tdfb_vc!19sChIJVbdR86AIAWARvIpc8ruEOzc?authuser=0&hl=es-419&rclk=1,Lawson - Kyōto Nishi Hongan-ji Temple,34.992923,135.753313,34.992923,135.753313,lawson.png
https://www.google.com/maps/place/FamilyMart+Shij%C5%8D-Inokuma/data=!4m7!3m6!1s0x600106287ab79f11:0x88194bbd716bea26!8m2!3d35.0035162!4d135.7502512!16s%2Fg%2F1q6n2vb4n!19sChIJEZ-3eigGAWARJuprcb1LGYg?authuser=0&hl=es-419&rclk=1,FamilyMart Shijō-Inokuma,35.0035162,135.7502512,35.0035162,135.7502512,familymart.png
https://www.google.com/maps/place/7-Eleven;+Kyoto+Katsura+Station+East+Exit/data=!4m7!3m6!1s0x600106efcd7640a5:0x8811621eb776f765!8m2!3d34.9796986!4d135.7040323!16s%2Fg%2F1w4vjv46!19sChIJpUB2ze8GAWARZfd2tx5iEYg?authuser=0&hl=es-419&rclk=1,7-Eleven; Kyoto Katsura Station East Exit,34.9796986,135.7040323,34.9796986,135.7040323,7eleven.png
https://www.google.com/maps/place/%E4%BA%AC%E9%83%BD%E9%8A%80%E8%A1%8C+%E8%A5%BF%E9%99%A2%E6%94%AF%E5%BA%97+%E3%82%A4%E3%82%AA%E3%83%B3%E3%83%A2%E3%83%BC%E3%83%AB%E4%BA%AC%E9%83%BD%E4%BA%94%E6%9D%A1ATM%E3%82%B3%E3%83%BC%E3%83%8A%E3%83%BC/data=!4m7!3m6!1s0x6001064c36074c9d:0xdab2cadcff259c1c!8m2!3d34.9975259!4d135.7263504!16s%2Fg%2F11bw3dstsk!19sChIJnUwHNkwGAWARHJwl_9zKsto?authuser=0&hl=es-419&rclk=1,京都銀行 西院支店 イオンモール京都五条ATMコーナー,34.9975259,135.7263504,34.9975259,135.7263504,konbini.png
https://www.google.com/maps/place/%E4%B8%89%E8%8F%B1UFJ%E9%8A%80%E8%A1%8CATM%EF%BC%88%E8%A5%BF%E9%99%A2%E6%94%AF%E5%BA%97%EF%BC%89/data=!4m7!3m6!1s0x60010700257332fb:0x67f60750a0ef9348!8m2!3d35.0032478!4d135.7321326!16s%2Fg%2F11x_qln_sk!19sChIJ-zJzJQAHAWARSJPvoFAH9mc?authuser=0&hl=es-419&rclk=1,三菱UFJ銀行ATM（西院支店）,35.0032478,135.7321326,35.0032478,135.7321326,konbini.png
https://www.google.com/maps/place/7-Eleven+Ky%C5%8Dto-Umezu/data=!4m7!3m6!1s0x60010711e2b6865b:0x3d6847c1619e3314!8m2!3d35.0038955!4d135.7044426!16s%2Fg%2F1hc1m9yf1!19sChIJW4a24hEHAWARFDOeYcFHaD0?authuser=0&hl=es-419&rclk=1,7-Eleven Kyōto-Umezu,35.0038955,135.7044426,35.0038955,135.7044426,7eleven.png
https://www.google.com/maps/place/FamilyMart+-+Horikawa+Ayanok%C5%8Dji/data=!4m7!3m6!1s0x6001089d648db95b:0xa56c45ae1c5c41c7!8m2!3d35.0024154!4d135.7524329!16s%2Fg%2F11c54hztl3!19sChIJW7mNZJ0IAWARx0FcHK5FbKU?authuser=0&hl=es-419&rclk=1,FamilyMart - Horikawa Ayanokōji,35.0024154,135.7524329,35.0024154,135.7524329,familymart.png
"https://www.google.com/maps/place/MUFG+Bank,+Nishishichijo+Branch/data=!4m7!3m6!1s0x6001064ab1555871:0x9c9ce0b584e73c72!8m2!3d35.003369!4d135.73233!16s%2Fg%2F1vlqq2r5!19sChIJcVhVsUoGAWARcjznhLXgnJw?authuser=0&hl=es-419&rclk=1","MUFG Bank, Nishishichijo Branch",35.003369,135.73233,35.003369,135.73233,konbini.png
https://www.google.com/maps/place/Lawson+Kisshoin+Sannomiyacho/data=!4m7!3m6!1s0x6001066e0a1b0a3f:0x8b70d3f9a7749576!8m2!3d34.9760099!4d135.7283616!16s%2Fg%2F1tlwfjxl!19sChIJPwobCm4GAWARdpV0p_nTcIs?authuser=0&hl=es-419&rclk=1,Lawson Kisshoin Sannomiyacho,34.9760099,135.7283616,34.9760099,135.7283616,lawson.png
https://www.google.com/maps/place/7-Eleven/data=!4m7!3m6!1s0x600107a57423be05:0x42a826fea648e03a!8m2!3d35.0038309!4d135.7514517!16s%2Fg%2F12m9jndpf!19sChIJBb4jdKUHAWAROuBIpv4mqEI?authuser=0&hl=es-419&rclk=1,7-Eleven,35.0038309,135.7514517,35.0038309,135.7514517,7eleven.png
https://www.google.com/maps/place/FamilyMart;+Umezu+Danmachi/data=!4m7!3m6!1s0x6001070e14176eed:0xcec3b2183198b2b7!8m2!3d35.0038463!4d135.7056982!16s%2Fg%2F1tdmdsmj!19sChIJ7W4XFA4HAWARt7KYMRiyw84?authuser=0&hl=es-419&rclk=1,FamilyMart; Umezu Danmachi,35.0038463,135.7056982,35.0038463,135.7056982,familymart.png
https://www.google.com/maps/place/Lawson+Bank+Saiin+West+Conjunction+Branch/data=!4m7!3m6!1s0x6001072aa6763bc9:0x34032917361d0960!8m2!3d35.0038576!4d135.7305836!16s%2Fg%2F11scnqghnr!19sChIJyTt2pioHAWARYAkdNhcpAzQ?authuser=0&hl=es-419&rclk=1,Lawson Bank Saiin West Conjunction Branch,35.0038576,135.7305836,35.0038576,135.7305836,lawson.png
https://www.google.com/maps/place/Lawson+Katsura-Tokudaiji/data=!4m7!3m6!1s0x600106fcd5b30933:0xd0bba6c8fb8fa31f!8m2!3d34.9887226!4d135.7049413!16s%2Fg%2F11bwf83j3b!19sChIJMwmz1fwGAWARH6OP-8imu9A?authuser=0&hl=es-419&rclk=1,Lawson Katsura-Tokudaiji,34.9887226,135.7049413,34.9887226,135.7049413,lawson.png
https://www.google.com/maps/place/7-Eleven+-+Ky%C5%8Dto+Horikawa-Bukk%C5%8Dji/data=!4m7!3m6!1s0x6001070febb066c7:0xc222b9d6b429b178!8m2!3d35.0011908!4d135.752449!16s%2Fg%2F11h_3ns18k!19sChIJx2aw6w8HAWAReLEptNa5IsI?authuser=0&hl=es-419&rclk=1,7-Eleven - Kyōto Horikawa-Bukkōji,35.0011908,135.752449,35.0011908,135.752449,7eleven.png
https://www.google.com/maps/place/Lawson+Bank+Shijosai+In+Conjunction+Branch/data=!4m7!3m6!1s0x600107c2010407a5:0xbf0b4fba03db1c45!8m2!3d35.0033401!4d135.7321797!16s%2Fg%2F11fn55zp1z!19sChIJpQcEAcIHAWARRRzbA7pPC78?authuser=0&hl=es-419&rclk=1,Lawson Bank Shijosai In Conjunction Branch,35.0033401,135.7321797,35.0033401,135.7321797,lawson.png
https://www.google.com/maps/place/FamilyMart+Oike-Yamanouchi+Store/data=!4m7!3m6!1s0x600107b1004d9c7f:0x2b16a9d85e6f7b9e!8m2!3d35.0106271!4d135.723384!16s%2Fg%2F11fxb5d5nd!19sChIJf5xNALEHAWARnntvXtipFis?authuser=0&hl=es-419&rclk=1,FamilyMart Oike-Yamanouchi Store,35.0106271,135.723384,35.0106271,135.723384,familymart.png
https://www.google.com/maps/place/FamilyMart/data=!4m7!3m6!1s0x600108a765555085:0xa7ee7cc72804df32!8m2!3d34.9890539!4d135.7527226!16s%2Fg%2F11d_ynpwrd!19sChIJhVBVZacIAWARMt8EKMd87qc?authuser=0&hl=es-419&rclk=1,FamilyMart,34.9890539,135.7527226,34.9890539,135.7527226,familymart.png
https://www.google.com/maps/place/Seven+Bank+ATM/data=!4m7!3m6!1s0x600107758cfcbaa3:0x9b9979421da0350!8m2!3d35.003732!4d135.733261!16s%2Fg%2F11jlhls575!19sChIJo7r8jHUHAWARUAPaIZSXuQk?authuser=0&hl=es-419&rclk=1,Seven Bank ATM,35.003732,135.733261,35.003732,135.733261,konbini.png
https://www.google.com/maps/place/Lawson+Umezu-Gotocho/data=!4m7!3m6!1s0x60010713d6bf09cd:0xa89799aadb564e48!8m2!3d35.0032568!4d135.7020575!16s%2Fg%2F1q6bldws8!19sChIJzQm_1hMHAWARSE5W26qZl6g?authuser=0&hl=es-419&rclk=1,Lawson Umezu-Gotocho,35.0032568,135.7020575,35.0032568,135.7020575,lawson.png
https://www.google.com/maps/place/Lawson+-+Sanjo+Horikawa/data=!4m7!3m6!1s0x6001062a121fe731:0xef17aaad00364176!8m2!3d35.008727!4d135.7514137!16s%2Fg%2F1tq6jzs2!19sChIJMecfEioGAWARdkE2AK2qF-8?authuser=0&hl=es-419&rclk=1,Lawson - Sanjo Horikawa,35.008727,135.7514137,35.008727,135.7514137,lawson.png
"https://www.google.com/maps/place/MUFG+Bank,+Saiin+Branch/data=!4m7!3m6!1s0x6001064ab3e31561:0xd9994e8ba2948bd7!8m2!3d35.003369!4d135.73233!16s%2Fg%2F1td6y01n!19sChIJYRXjs0oGAWAR14uUootOmdk?authuser=0&hl=es-419&rclk=1","MUFG Bank, Saiin Branch",35.003369,135.73233,35.003369,135.73233,konbini.png
https://www.google.com/maps/place/Lawson+-+BiVi+Kyoto+Nijo/data=!4m7!3m6!1s0x600107cda3f0a00b:0xa2f936bf0d4d946f!8m2!3d35.0106227!4d135.7409466!16s%2Fg%2F1tgcrsjc!19sChIJC6Dwo80HAWARb5RNDb82-aI?authuser=0&hl=es-419&rclk=1,Lawson - BiVi Kyoto Nijo,35.0106227,135.7409466,35.0106227,135.7409466,lawson.png
https://www.google.com/maps/place/%E9%8A%80%E8%A1%8CATM+%7C+%E3%82%A4%E3%83%BC%E3%83%8D%E3%83%83%E3%83%88+%E3%83%95%E3%82%A1%E3%83%9F%E3%83%AA%E3%83%BC%E3%83%9E%E3%83%BC%E3%83%88%E3%83%A4%E3%82%B9%E3%82%A4%E3%82%AB%E3%83%89%E3%83%8E%E4%BA%94%E6%9D%A1+%E5%85%B1%E5%90%8C%E5%87%BA%E5%BC%B5%E6%89%80/data=!4m7!3m6!1s0x600107cd7c9e6b6d:0xf8d519aad43a5678!8m2!3d34.994658!4d135.719979!16s%2Fg%2F11j6fkwwqc!19sChIJbWuefM0HAWAReFY61KoZ1fg?authuser=0&hl=es-419&rclk=1,銀行ATM | イーネット ファミリーマートヤスイカドノ五条 共同出張所,34.994658,135.719979,34.994658,135.719979,konbini.png
https://www.google.com/maps/place/7-Eleven/data=!4m7!3m6!1s0x600106f54ab6aaab:0x8bf02ed2b60fc246!8m2!3d34.9770462!4d135.7131087!16s%2Fg%2F11fylc0y9z!19sChIJq6q2SvUGAWARRsIPttIu8Is?authuser=0&hl=es-419&rclk=1,7-Eleven,34.9770462,135.7131087,34.9770462,135.7131087,7eleven.png
https://www.google.com/maps/place/Kyoto+Shinkin+Bank/data=!4m7!3m6!1s0x6001064c35fc01a3:0xc5ff1936a1ec0399!8m2!3d34.99751!4d135.7263229!16s%2Fg%2F11b6brf362!19sChIJowH8NUwGAWARmQPsoTYZ_8U?authuser=0&hl=es-419&rclk=1,Kyoto Shinkin Bank,34.99751,135.7263229,34.99751,135.7263229,konbini.png
https://www.google.com/maps/place/7-Eleven+Tenjingawa+Sanjo+store/data=!4m7!3m6!1s0x600107a726dfd5bf:0xe852e21a5d26d3aa!8m2!3d35.0088938!4d135.71643!16s%2Fg%2F113g0vj2_!19sChIJv9XfJqcHAWARqtMmXRriUug?authuser=0&hl=es-419&rclk=1,7-Eleven Tenjingawa Sanjo store,35.0088938,135.71643,35.0088938,135.71643,7eleven.png
https://www.google.com/maps/place/Lawson+-+Hachij%C5%8D+Aburanok%C5%8Dji+West/data=!4m7!3m6!1s0x600108a83101840d:0x7a07f24808c54611!8m2!3d34.9845457!4d135.7528261!16s%2Fg%2F11c5b3zbhn!19sChIJDYQBMagIAWAREUbFCEjyB3o?authuser=0&hl=es-419&rclk=1,Lawson - Hachijō Aburanokōji West,34.9845457,135.7528261,34.9845457,135.7528261,lawson.png
https://www.google.com/maps/place/FamilyMart+Shinmachi-Takatsuji/data=!4m7!3m6!1s0x6001089eb6207ef9:0x15c26b74726236f!8m2!3d35.0002468!4d135.7566132!16s%2Fg%2F1td1jx65!19sChIJ-X4gtp4IAWARbyMmR7cmXAE?authuser=0&hl=es-419&rclk=1,FamilyMart Shinmachi-Takatsuji,35.0002468,135.7566132,35.0002468,135.7566132,familymart.png
https://www.google.com/maps/place/FamilyMart+Goj%C5%8D-Shinmachi+Store/data=!4m7!3m6!1s0x600108a2201647e9:0x95abd536811f07ea!8m2!3d34.9958694!4d135.7569133!16s%2Fg%2F11cn9n85p_!19sChIJ6UcWIKIIAWAR6gcfgTbVq5U?authuser=0&hl=es-419&rclk=1,FamilyMart Gojō-Shinmachi Store,34.9958694,135.7569133,34.9958694,135.7569133,familymart.png
https://www.google.com/maps/place/Seven+Bank+ATM/data=!4m7!3m6!1s0x600107cc819bb789:0x7a1d3fe219386509!8m2!3d34.989438!4d135.7294671!16s%2Fg%2F11jjlsjc38!19sChIJibebgcwHAWARCWU4GeI_HXo?authuser=0&hl=es-419&rclk=1,Seven Bank ATM,34.989438,135.7294671,34.989438,135.7294671,konbini.png
https://www.google.com/maps/place/%E9%8A%80%E8%A1%8CATM+%7C+%E3%82%A4%E3%83%BC%E3%83%8D%E3%83%83%E3%83%88+%E3%83%95%E3%82%A1%E3%83%9F%E3%83%AA%E3%83%BC%E3%83%9E%E3%83%BC%E3%83%88%E8%A5%BF%E9%99%A2%E6%B8%85%E6%B0%B4%E7%94%BA+%E5%85%B1%E5%90%8C%E5%87%BA%E5%BC%B5%E6%89%80/data=!4m7!3m6!1s0x600107e8002bef6d:0x2cb74884a16d9f73!8m2!3d34.999644!4d135.722921!16s%2Fg%2F11hfnrcz3g!19sChIJbe8rAOgHAWARc59toYRItyw?authuser=0&hl=es-419&rclk=1,銀行ATM | イーネット ファミリーマート西院清水町 共同出張所,34.999644,135.722921,34.999644,135.722921,konbini.png
https://www.google.com/maps/place/7-Eleven/data=!4m7!3m6!1s0x600108a6256421c9:0x2e44ca69cc5a2da3!8m2!3d34.9878252!4d135.7550971!16s%2Fg%2F1tf1bng_!19sChIJySFkJaYIAWARoy1azGnKRC4?authuser=0&hl=es-419&rclk=1,7-Eleven,34.9878252,135.7550971,34.9878252,135.7550971,7eleven.png
https://www.google.com/maps/place/Japan+Post+Bank+Osaka+Branch+Office+AEON-Mall-Kyoto-Gojo+ATM/data=!4m7!3m6!1s0x6001064c358d190d:0x43eabed109aadc90!8m2!3d34.9974779!4d135.7262591!16s%2Fg%2F11f3_9hp80!19sChIJDRmNNUwGAWARkNyqCdG-6kM?authuser=0&hl=es-419&rclk=1,Japan Post Bank Osaka Branch Office AEON-Mall-Kyoto-Gojo ATM,34.9974779,135.7262591,34.9974779,135.7262591,konbini.png
https://www.google.com/maps/place/Ministop/data=!4m7!3m6!1s0x600106016d283be5:0x52ecc97d4b216cc8!8m2!3d34.9791559!4d135.7491098!16s%2Fg%2F11f4qlvthk!19sChIJ5TsobQEGAWARyGwhS33J7FI?authuser=0&hl=es-419&rclk=1,Ministop,34.9791559,135.7491098,34.9791559,135.7491098,ministop.JPG
https://www.google.com/maps/place/FamilyMart+Horikawa+Oike/data=!4m7!3m6!1s0x60010882442f88f9:0x94f8d5f17b785d2f!8m2!3d35.0107309!4d135.7508785!16s%2Fg%2F11c60mb41w!19sChIJ-YgvRIIIAWARL114e_HV-JQ?authuser=0&hl=es-419&rclk=1,FamilyMart Horikawa Oike,35.0107309,135.7508785,35.0107309,135.7508785,familymart.png
https://www.google.com/maps/place/Lawson+Bank+Shijo+Nakashindo+Conjunction+Branch/data=!4m7!3m6!1s0x600107ce540c7f17:0xbf7d100137ad3555!8m2!3d35.0037857!4d135.7391006!16s%2Fg%2F11hdy6tcn0!19sChIJF38MVM4HAWARVTWtNwEQfb8?authuser=0&hl=es-419&rclk=1,Lawson Bank Shijo Nakashindo Conjunction Branch,35.0037857,135.7391006,35.0037857,135.7391006,lawson.png
https://www.google.com/maps/place/Lawson+Kadono%C5%8Dji-Oike/data=!4m7!3m6!1s0x600107a40a6b452d:0x7a4c6e1ede1299da!8m2!3d35.0112124!4d135.7199238!16s%2Fg%2F11bxdw49my!19sChIJLUVrCqQHAWAR2pkS3h5uTHo?authuser=0&hl=es-419&rclk=1,Lawson Kadonoōji-Oike,35.0112124,135.7199238,35.0112124,135.7199238,lawson.png
https://www.google.com/maps/place/%E3%82%A4%E3%82%AA%E3%83%B3%E9%8A%80%E8%A1%8C+%E3%82%A4%E3%82%AA%E3%83%B3%E3%83%A2%E3%83%BC%E3%83%AB%E4%BA%AC%E9%83%BD%E4%BA%94%E6%9D%A1%E5%BA%97%E7%AC%AC%E4%B8%89%E5%87%BA%E5%BC%B5%E6%89%80/data=!4m7!3m6!1s0x6001064c3c22815f:0xfa1322bccf71bda1!8m2!3d34.997571!4d135.727056!16s%2Fg%2F11bw3dqrjs!19sChIJX4EiPEwGAWARob1xz7wiE_o?authuser=0&hl=es-419&rclk=1,イオン銀行 イオンモール京都五条店第三出張所,34.997571,135.727056,34.997571,135.727056,konbini.png
