link,name
https://www.google.com/maps/place/Kon%27s+Cycle/data=!4m7!3m6!1s0x6001064a1063da59:0x9a2ca1a6749196a8!8m2!3d34.9998431!4d135.7324021!16s%2Fg%2F1w0h_hww!19sChIJWdpjEEoGAWARqJaRdKahLJo?authuser=0&hl=es-419&rclk=1,Kon's Cycle
https://www.google.com/maps/place/%E8%87%AA%E8%BB%A2%E8%BB%8A%E3%82%B5%E3%82%AC%E3%83%8E%E3%80%90%E5%87%BA%E5%BC%B5%E4%BF%AE%E7%90%86%E5%B0%82%E9%96%80%E3%80%91%E2%80%BB%E5%BA%97%E8%88%97%E3%81%AA%E3%81%97/data=!4m7!3m6!1s0x6001079f5280781f:0xf9f9054830f3741a!8m2!3d35.0012622!4d135.7375894!16s%2Fg%2F11j934630w!19sChIJH3iAUp8HAWARGnTzMEgF-fk?authuser=0&hl=es-419&rclk=1,自転車サガノ【出張修理専門】※店舗なし
https://www.google.com/maps/place/AEON+Cycle+Shop/data=!4m7!3m6!1s0x6001064ea7aa2d35:0x4f86088cf449df25!8m2!3d34.9970686!4d135.7276593!16s%2Fg%2F11gnp8r4pn!19sChIJNS2qp04GAWARJd9J9IwIhk8?authuser=0&hl=es-419&rclk=1,AEON Cycle Shop
https://www.google.com/maps/place/%E3%83%90%E3%82%A4%E3%82%B7%E3%82%AF%E3%83%AB%E3%82%B9%E3%83%88%E3%82%A2+%E3%83%95%E3%83%AA%E3%83%BC/data=!4m7!3m6!1s0x6001066ad8de2f9b:0xf85b2b07893bb534!8m2!3d34.9905461!4d135.7325982!16s%2Fg%2F11c5s7kj3t!19sChIJmy_e2GoGAWARNLU7iQcrW_g?authuser=0&hl=es-419&rclk=1,バイシクルストア フリー
https://www.google.com/maps/place/Cycle+Shop+Eirin+Tanbaguchi/data=!4m7!3m6!1s0x60010624b38e3cb9:0x6d3da16561a06a3c!8m2!3d34.9959078!4d135.7428262!16s%2Fg%2F1ptz9r037!19sChIJuTyOsyQGAWARPGqgYWWhPW0?authuser=0&hl=es-419&rclk=1,Cycle Shop Eirin Tanbaguchi
https://www.google.com/maps/place/Pals/data=!4m7!3m6!1s0x6001064849bee559:0x666004d3341f0868!8m2!3d34.996387!4d135.731888!16s%2Fg%2F1pv000cdc!19sChIJWeW-SUgGAWARaAgfNNMEYGY?authuser=0&hl=es-419&rclk=1,Pals
https://www.google.com/maps/place/%E8%87%AA%E8%BB%A2%E8%BB%8A%E4%BF%AE%E7%90%86+%E3%83%89%E3%82%AF%E3%82%BF%E3%83%BC%E3%82%B5%E3%82%A4%E3%82%AF%E3%83%AB/data=!4m7!3m6!1s0x600107c72584488b:0x5a892a5d13117450!8m2!3d35.0025347!4d135.7462421!16s%2Fg%2F11j7qs8tv5!19sChIJi0iEJccHAWARUHQRE10qiVo?authuser=0&hl=es-419&rclk=1,自転車修理 ドクターサイクル
https://www.google.com/maps/place/%E5%B2%A1%E6%9C%AC%E8%87%AA%E8%BB%A2%E8%BB%8A%E5%95%86%E4%BC%9A/data=!4m7!3m6!1s0x6001063147b32369:0xb396ffc4b2e13984!8m2!3d35.0010773!4d135.7385968!16s%2Fg%2F1tfnyh58!19sChIJaSOzRzEGAWARhDnhssT_lrM?authuser=0&hl=es-419&rclk=1,岡本自転車商会
https://www.google.com/maps/place/CycleDream/data=!4m7!3m6!1s0x600107a91e7ad8e3:0xb89aafebb99a1765!8m2!3d35.00338!4d135.717479!16s%2Fg%2F1tfbssqp!19sChIJ49h6HqkHAWARZReaueuvmrg?authuser=0&hl=es-419&rclk=1,CycleDream
https://www.google.com/maps/place/%E3%82%B5%E3%82%A4%E3%82%AF%E3%83%AB%E3%83%99%E3%83%BC%E3%82%B9%E3%81%82%E3%81%95%E3%81%B2%E8%91%9B%E9%87%8E%E5%A4%A7%E8%B7%AF%E5%9B%9B%E6%9D%A1%E5%BA%97/data=!4m7!3m6!1s0x600107a7b876e11b:0xd87439c4d5340d55!8m2!3d35.0021875!4d135.7192114!16s%2Fg%2F11krwq8j8p!19sChIJG-F2uKcHAWARVQ001cQ5dNg?authuser=0&hl=es-419&rclk=1,サイクルベースあさひ葛野大路四条店
https://www.google.com/maps/place/Bicycle+Q-bei+Nij%C5%8D/data=!4m7!3m6!1s0x600107cd3d795555:0x619c98a27faac73f!8m2!3d35.008682!4d135.7409563!16s%2Fg%2F11bxg5nm_3!19sChIJVVV5Pc0HAWARP8eqf6KYnGE?authuser=0&hl=es-419&rclk=1,Bicycle Q-bei Nijō
https://www.google.com/maps/place/%E3%83%A0%E3%83%A9%E3%82%BF%E3%83%BB%E3%82%B5%E3%82%A4%E3%82%AF%E3%83%AB/data=!4m7!3m6!1s0x6001063187f662cf:0x20b53cdd870e043a!8m2!3d35.0030417!4d135.7407755!16s%2Fg%2F11b7ss_n0f!19sChIJz2L2hzEGAWAROgQOh908tSA?authuser=0&hl=es-419&rclk=1,ムラタ・サイクル
https://www.google.com/maps/place/LATTESTbike+%E4%BA%AC%E9%83%BD%E4%B8%89%E6%9D%A1%E5%BA%97/data=!4m7!3m6!1s0x6001070fb39f7eaf:0x7fac99dfffc04e01!8m2!3d35.0086363!4d135.7447953!16s%2Fg%2F11f779d177!19sChIJr36fsw8HAWARAU7A_9-ZrH8?authuser=0&hl=es-419&rclk=1,LATTESTbike 京都三条店
https://www.google.com/maps/place/%E3%82%AD%E3%83%8F%E3%82%BF%E5%95%86%E4%BC%9A/data=!4m7!3m6!1s0x600107448b739091:0x2f2e1c05b6b26cd5!8m2!3d34.9992014!4d135.7323531!16s%2Fg%2F11gnsdcs7k!19sChIJkZBzi0QHAWAR1WyytgUcLi8?authuser=0&hl=es-419&rclk=1,キハタ商会
https://www.google.com/maps/place/Parusu+Kyoto+Nishioji+Gojoten+Seibikojo/data=!4m7!3m6!1s0x600106485cf0debd:0xdc082e05432a22a6!8m2!3d34.9955202!4d135.7312575!16s%2Fg%2F11_r3xt9b!19sChIJvd7wXEgGAWARpiIqQwUuCNw?authuser=0&hl=es-419&rclk=1,Parusu Kyoto Nishioji Gojoten Seibikojo
https://www.google.com/maps/place/Humhumhug+Cycle+Center+Kyoto%28%E4%BA%AC%E9%83%BD%E2%80%A2%E8%87%AA%E8%BB%A2%E8%BB%8A%E4%BF%AE%E7%90%86%E2%80%A2RENTALCYCLE%EF%BC%89/data=!4m7!3m6!1s0x600108814cfa71a3:0x568be601c10aa385!8m2!3d35.0110928!4d135.7567055!16s%2Fg%2F11cntm2sx3!19sChIJo3H6TIEIAWARhaMKwQHmi1Y?authuser=0&hl=es-419&rclk=1,Humhumhug Cycle Center Kyoto(京都•自転車修理•RENTALCYCLE）
https://www.google.com/maps/place/%E6%9D%BE%E9%87%8E%E8%87%AA%E8%BB%A2%E8%BB%8A%E5%95%86%E4%BC%9A/data=!4m7!3m6!1s0x600106448cca43a7:0x5f813c450d5322fc!8m2!3d34.9877797!4d135.7256199!16s%2Fg%2F11hyl5jyn4!19sChIJp0PKjEQGAWAR_CJTDUU8gV8?authuser=0&hl=es-419&rclk=1,松野自転車商会
https://www.google.com/maps/place/%E7%AB%B9%E5%86%85%E8%87%AA%E8%BB%A2%E8%BB%8A%E5%BA%97/data=!4m7!3m6!1s0x600107c97ab0867b:0x88062a38153aaa0b!8m2!3d35.0103024!4d135.7360394!16s%2Fg%2F1tc_8kqr!19sChIJe4aweskHAWARC6o6FTgqBog?authuser=0&hl=es-419&rclk=1,竹内自転車店
https://www.google.com/maps/place/%E3%81%BF%E3%82%93%E3%81%AA%E3%81%AE%E3%81%98%E3%81%A6%E3%82%93%E3%81%97%E3%82%83/data=!4m7!3m6!1s0x600107002ef153bb:0x11016b4468a2925a!8m2!3d34.9948063!4d135.712229!16s%2Fg%2F12m95g4_p!19sChIJu1PxLgAHAWARWpKiaERrARE?authuser=0&hl=es-419&rclk=1,みんなのじてんしゃ
https://www.google.com/maps/place/Fun+Cycling+%E4%BA%AC%E9%83%BD%EF%BC%88%E8%87%AA%E8%BB%A2%E8%BB%8A%E8%B2%A9%E5%A3%B2%E3%83%BB%E4%BF%AE%E7%90%86%E5%BA%97%EF%BC%89/data=!4m7!3m6!1s0x6001078756098625:0x659596a6057f1920!8m2!3d34.9790612!4d135.7073032!16s%2Fg%2F11jncnxtgc!19sChIJJYYJVocHAWARIBl_BaaWlWU?authuser=0&hl=es-419&rclk=1,Fun Cycling 京都（自転車販売・修理店）
https://www.google.com/maps/place/Iwai+Cycle+Kizuyabashi/data=!4m7!3m6!1s0x6001061c53c39531:0xcdfb6f83f1804a3b!8m2!3d34.9873693!4d135.7495168!16s%2Fg%2F11b5pjmx2n!19sChIJMZXDUxwGAWARO0qA8YNv-80?authuser=0&hl=es-419&rclk=1,Iwai Cycle Kizuyabashi
https://www.google.com/maps/place/Kyubee+Hakubaicho/data=!4m7!3m6!1s0x600107948375c25d:0x60e12a9ec90a7f2e!8m2!3d35.0251078!4d135.731309!16s%2Fg%2F1tcwlgcw!19sChIJXcJ1g5QHAWARLn8KyZ4q4WA?authuser=0&hl=es-419&rclk=1,Kyubee Hakubaicho
https://www.google.com/maps/place/Ryou+Cycle/data=!4m7!3m6!1s0x6001072dd7121cd1:0xe9be542eca9e06a7!8m2!3d34.9975967!4d135.7519487!16s%2Fg%2F11ckvv9b9v!19sChIJ0RwS1y0HAWARpwaeyi5Uvuk?authuser=0&hl=es-419&rclk=1,Ryou Cycle
https://www.google.com/maps/place/Cycle+Base+Asahi+Kuj%C5%8D/data=!4m7!3m6!1s0x600108acb31b08f7:0xd17b5e6efa6053f5!8m2!3d34.9797389!4d135.7576146!16s%2Fg%2F11c5_k9jxk!19sChIJ9wgbs6wIAWAR9VNg-m5ee9E?authuser=0&hl=es-419&rclk=1,Cycle Base Asahi Kujō
https://www.google.com/maps/place/Cycle+Shop+Reco/data=!4m7!3m6!1s0x600107bdf725b9ff:0x616a7bf1fae1544b!8m2!3d35.019029!4d135.727696!16s%2Fg%2F11bbvpl1zt!19sChIJ_7kl970HAWARS1Th-vF7amE?authuser=0&hl=es-419&rclk=1,Cycle Shop Reco
https://www.google.com/maps/place/Mori+Bicycle+Shop/data=!4m7!3m6!1s0x6001087fd58509f7:0x59fd147036549a33!8m2!3d35.0136971!4d135.7542885!16s%2Fg%2F11f1wbfjkt!19sChIJ9wmF1X8IAWARM5pUNnAU_Vk?authuser=0&hl=es-419&rclk=1,Mori Bicycle Shop
https://www.google.com/maps/place/Sakaida+Auto+Center/data=!4m7!3m6!1s0x6001064aedb6f8fb:0xeb74c81045721db3!8m2!3d35.0027065!4d135.732233!16s%2Fg%2F1tcy460_!19sChIJ-_i27UoGAWARsx1yRRDIdOs?authuser=0&hl=es-419&rclk=1,Sakaida Auto Center
https://www.google.com/maps/place/Winning+Bell/data=!4m7!3m6!1s0x6001070ac6da8cd7:0x3b5cd5ae36516023!8m2!3d35.01164!4d135.713229!16s%2Fg%2F1tcvbsyl!19sChIJ14zaxgoHAWARI2BRNq7VXDs?authuser=0&hl=es-419&rclk=1,Winning Bell
https://www.google.com/maps/place/CYCLE+DOI/data=!4m7!3m6!1s0x6001062809bbbb3d:0xda99153fa051040!8m2!3d35.0034882!4d135.7513061!16s%2Fg%2F11bx1r_7g7!19sChIJPbu7CSgGAWARQBAF-lORqQ0?authuser=0&hl=es-419&rclk=1,CYCLE DOI
https://www.google.com/maps/place/VELMO%EF%BD%9CWELB+%E4%BA%AC%E9%83%BDBASE+%E3%82%A2%E3%83%99%E3%83%B3%E3%83%88%E3%82%A5%E3%83%BC%E3%83%A9%E3%82%A4%E3%83%95%E6%A0%AA%E5%BC%8F%E4%BC%9A%E7%A4%BE/data=!4m7!3m6!1s0x6001077baa2f0be5:0x1236c4b0c4f8e0d3!8m2!3d34.9831758!4d135.7246569!16s%2Fg%2F11tx7h5cc5!19sChIJ5QsvqnsHAWAR0-D4xLDENhI?authuser=0&hl=es-419&rclk=1,VELMO｜WELB 京都BASE アベントゥーライフ株式会社
https://www.google.com/maps/place/Cycle/data=!4m7!3m6!1s0x6001071d4e1e25b9:0x28209d866bdb40ce!8m2!3d34.9913514!4d135.7043896!16s%2Fg%2F1tdft0p_!19sChIJuSUeTh0HAWARzkDba4adICg?authuser=0&hl=es-419&rclk=1,Cycle
https://www.google.com/maps/place/Daiwa+Cycle+Katsura/data=!4m7!3m6!1s0x6001078edaa7d28b:0x3e2a6b9f3027ca92!8m2!3d34.9732354!4d135.7095829!16s%2Fg%2F11rkctgfcp!19sChIJi9Kn2o4HAWARksonMJ9rKj4?authuser=0&hl=es-419&rclk=1,Daiwa Cycle Katsura
https://www.google.com/maps/place/%E3%81%98%E3%81%A6%E3%82%93%E3%81%97%E3%82%83%E5%B7%A5%E6%88%BF%E3%83%94%E3%83%A5%E3%82%A2/data=!4m7!3m6!1s0x6001062ce706134b:0xb70a744ea57212d!8m2!3d35.0084552!4d135.7454328!16s%2Fg%2F1thnnp3z!19sChIJSxMG5ywGAWARLSFX6kSncAs?authuser=0&hl=es-419&rclk=1,じてんしゃ工房ピュア
https://www.google.com/maps/place/%E3%83%80%E3%82%A4%E3%83%AF%E3%82%B5%E3%82%A4%E3%82%AF%E3%83%ABSTYLE+%E3%82%A4%E3%82%AA%E3%83%B3%E3%83%A2%E3%83%BC%E3%83%ABKYOTO%E5%BA%97/data=!4m7!3m6!1s0x600109b649d4d0c3:0xe81f43d4c52007af!8m2!3d34.9829409!4d135.7555196!16s%2Fg%2F11vd9sh1gr!19sChIJw9DUSbYJAWARrwcgxdRDH-g?authuser=0&hl=es-419&rclk=1,ダイワサイクルSTYLE イオンモールKYOTO店
https://www.google.com/maps/place/Cycle+Base+Asahi/data=!4m7!3m6!1s0x6000f0d57d78ce53:0xb438320a483e5362!8m2!3d35.0096605!4d135.7430235!16s%2Fg%2F1hhp623_b!19sChIJU854fdXwAGARYlM-SAoyOLQ?authuser=0&hl=es-419&rclk=1,Cycle Base Asahi
https://www.google.com/maps/place/%E6%9D%B1%E3%82%B5%E3%82%A4%E3%82%AF%E3%83%AB%E3%82%B7%E3%83%A7%E3%83%83%E3%83%97/data=!4m7!3m6!1s0x60010788b08cf263:0x5fa4f3a610c4c66d!8m2!3d34.9910066!4d135.7188395!16s%2Fg%2F11kpk7szkg!19sChIJY_KMsIgHAWARbcbEEKbzpF8?authuser=0&hl=es-419&rclk=1,東サイクルショップ
https://www.google.com/maps/place/Custom+Pro+Shop+R%27s+Cycle/data=!4m7!3m6!1s0x600107c53c322677:0x919b945231204adb!8m2!3d35.0182127!4d135.7415736!16s%2Fg%2F11cn9t9k_t!19sChIJdyYyPMUHAWAR20ogMVKUm5E?authuser=0&hl=es-419&rclk=1,Custom Pro Shop R's Cycle
https://www.google.com/maps/place/Arai%26SHOEI+NANKAI+KYOTO+TSUBOI/data=!4m7!3m6!1s0x60010649f6b3c141:0x531e3d06049f000c!8m2!3d34.9988888!4d135.7323165!16s%2Fg%2F1tr17ggl!19sChIJQcGz9kkGAWARDACfBAY9HlM?authuser=0&hl=es-419&rclk=1,Arai&SHOEI NANKAI KYOTO TSUBOI
https://www.google.com/maps/place/Fujinoi+Motorcycle+Store/data=!4m7!3m6!1s0x6001063f325cd937:0x2b760be1bcd98526!8m2!3d34.9912683!4d135.7348617!16s%2Fg%2F1tg5b_q6!19sChIJN9lcMj8GAWARJoXZvOELdis?authuser=0&hl=es-419&rclk=1,Fujinoi Motorcycle Store
https://www.google.com/maps/place/Sports+Cycle+Yamane/data=!4m7!3m6!1s0x6001087f6a2c4553:0x97765c8416574892!8m2!3d35.016291!4d135.753011!16s%2Fg%2F1v76zkc7!19sChIJU0Usan8IAWARkkhXFoRcdpc?authuser=0&hl=es-419&rclk=1,Sports Cycle Yamane
https://www.google.com/maps/place/%E8%BE%BB%E6%A3%AE%E8%87%AA%E8%BB%A2%E8%BB%8A%E5%95%86%E4%BC%9A/data=!4m7!3m6!1s0x6001089aaf6cf53d:0xfd44bbdef0ea9a17!8m2!3d35.0074606!4d135.7611479!16s%2Fg%2F1tdz99yd!19sChIJPfVsr5oIAWARF5rq8N67RP0?authuser=0&hl=es-419&rclk=1,辻森自転車商会
https://www.google.com/maps/place/%E2%80%8B%E4%BA%AC%E9%83%BD%E8%87%AA%E8%BB%A2%E8%BB%8A%E5%87%A6%E9%8A%80%E8%BC%AA/data=!4m7!3m6!1s0x600109a54747fa4b:0xd81d718041b4b8af!8m2!3d34.9820198!4d135.7590432!16s%2Fg%2F11jpy2bl70!19sChIJS_pHR6UJAWARr7i0QYBxHdg?authuser=0&hl=es-419&rclk=1,​京都自転車処銀輪
https://www.google.com/maps/place/Nishimura+Ringyo/data=!4m7!3m6!1s0x6001062777add2bb:0x385abcf80297c7c8!8m2!3d35.0011846!4d135.7513906!16s%2Fg%2F1tgpb54p!19sChIJu9KtdycGAWARyMeXAvi8Wjg?authuser=0&hl=es-419&rclk=1,Nishimura Ringyo
https://www.google.com/maps/place/KON%27S+CYCLE+%E5%B8%B8%E7%9B%A4%E5%BA%97%28%E3%82%B3%E3%83%B3%E3%82%BA%E3%82%B5%E3%82%A4%E3%82%AF%E3%83%AB%29/data=!4m7!3m6!1s0x60010777aa117ee5:0x43619b27d50e09da!8m2!3d35.0189273!4d135.7118669!16s%2Fg%2F11b7s_wbql!19sChIJ5X4RqncHAWAR2gkO1SebYUM?authuser=0&hl=es-419&rclk=1,KON'S CYCLE 常盤店(コンズサイクル)
https://www.google.com/maps/place/Kyoto+Gojo+Cycle/data=!4m7!3m6!1s0x600108b9683eb73d:0x798ec2207e8f4dad!8m2!3d34.9961023!4d135.7669509!16s%2Fg%2F12hq0lqsw!19sChIJPbc-aLkIAWARrU2PfiDCjnk?authuser=0&hl=es-419&rclk=1,Kyoto Gojo Cycle
https://www.google.com/maps/place/Shimizu+Bicycle+-+Kinugasa/data=!4m7!3m6!1s0x6001079aad38c917:0xc21963351c9fe74!8m2!3d35.0260224!4d135.723164!16s%2Fg%2F11gh2q347m!19sChIJF8k4rZoHAWARdP7JUTOWIQw?authuser=0&hl=es-419&rclk=1,Shimizu Bicycle - Kinugasa
https://www.google.com/maps/place/Cycle+Shop+Eirin+Gojo+Higashinotoin/data=!4m7!3m6!1s0x60010957cbd681d1:0xecbb7718963f388d!8m2!3d34.9964264!4d135.7612517!16s%2Fg%2F11qp2mj6mf!19sChIJ0YHWy1cJAWARjTg_lhh3u-w?authuser=0&hl=es-419&rclk=1,Cycle Shop Eirin Gojo Higashinotoin
https://www.google.com/maps/place/Shimizujitensha+Tokiwaten/data=!4m7!3m6!1s0x6001077ae246e96b:0xc5285e4217fa10a2!8m2!3d35.0205143!4d135.7063283!16s%2Fg%2F1x6q1nm5!19sChIJa-lG4noHAWARohD6F0JeKMU?authuser=0&hl=es-419&rclk=1,Shimizujitensha Tokiwaten
https://www.google.com/maps/place/Cons+Cycle+Katsuragawakaido/data=!4m7!3m6!1s0x600107ddb1a92ebf:0x82610812a8de0f27!8m2!3d34.9802025!4d135.7096196!16s%2Fg%2F11rgsxjxq8!19sChIJvy6psd0HAWARJw_eqBIIYYI?authuser=0&hl=es-419&rclk=1,Cons Cycle Katsuragawakaido
https://www.google.com/maps/place/Cycle+Garden/data=!4m7!3m6!1s0x600108b8749db385:0xebf71a7ad4326c92!8m2!3d34.9955484!4d135.7706107!16s%2Fg%2F1wv_s396!19sChIJhbOddLgIAWARkmwy1Hoa9-s?authuser=0&hl=es-419&rclk=1,Cycle Garden
https://www.google.com/maps/place/Kon%E2%80%99s+Cycle/data=!4m7!3m6!1s0x6001089147a5e8f1:0xcb93ea7783d9907d!8m2!3d35.0060606!4d135.765234!16s%2Fg%2F11b75jtl1m!19sChIJ8eilR5EIAWARfZDZg3fqk8s?authuser=0&hl=es-419&rclk=1,Kon’s Cycle
https://www.google.com/maps/place/Nishimura+Sh%C5%8Dkai+Company/data=!4m7!3m6!1s0x6001060fd69aad81:0xfd81432cc793df4a!8m2!3d34.9805686!4d135.7405685!16s%2Fg%2F1tcvp4yt!19sChIJga2a1g8GAWARSt-TxyxDgf0?authuser=0&hl=es-419&rclk=1,Nishimura Shōkai Company
https://www.google.com/maps/place/1-jyo+Ultimate+Factory+Kyoto+West/data=!4m7!3m6!1s0x6001071cf5815163:0xdabc536a1ac4a95a!8m2!3d34.9930778!4d135.7024078!16s%2Fg%2F11cs1f15k4!19sChIJY1GB9RwHAWARWqnEGmpTvNo?authuser=0&hl=es-419&rclk=1,1-jyo Ultimate Factory Kyoto West
https://www.google.com/maps/place/Aeon+Bike+Rakunan/data=!4m7!3m6!1s0x6001060c51f84119:0x4c44815101a8de2!8m2!3d34.976201!4d135.7360721!16s%2Fg%2F11gsn3kwv2!19sChIJGUH4UQwGAWAR4o0aEBVIxAQ?authuser=0&hl=es-419&rclk=1,Aeon Bike Rakunan
https://www.google.com/maps/place/Cycle+Katsuyama/data=!4m7!3m6!1s0x6001087c1d9ef087:0xee17a0af92022dde!8m2!3d35.018606!4d135.7569031!16s%2Fg%2F11cffbyv2!19sChIJh_CeHXwIAWAR3i0Ckq-gF-4?authuser=0&hl=es-419&rclk=1,Cycle Katsuyama
https://www.google.com/maps/place/Kon%27s+Cycle+Oike/data=!4m7!3m6!1s0x6001088fb0e4817d:0xd859b5c3a5743d7a!8m2!3d35.0104722!4d135.7634881!16s%2Fg%2F11cnbqltjz!19sChIJfYHksI8IAWARej10pcO1Wdg?authuser=0&hl=es-419&rclk=1,Kon's Cycle Oike
https://www.google.com/maps/place/%E8%87%AA%E8%BB%A2%E8%BB%8A%E5%87%BA%E5%BC%B5%E4%BF%AE%E7%90%86%E5%B0%82%E9%96%80%E5%BA%97HITECH+CYCLES+%E3%83%8F%E3%82%A4%E3%83%86%E3%83%83%E3%82%AF%E3%82%B5%E3%82%A4%E3%82%AF%E3%83%AB%E3%82%BA%E3%80%90%E8%A6%81%E4%BA%88%E7%B4%84%E3%80%91/data=!4m7!3m6!1s0x4fbfb259c23cb9e9:0xdc6bd72e9129c704!8m2!3d34.9802282!4d135.776414!16s%2Fg%2F11txpfnpgc!19sChIJ6bk8wlmyv08RBMcpkS7Xa9w?authuser=0&hl=es-419&rclk=1,自転車出張修理専門店HITECH CYCLES ハイテックサイクルズ【要予約】
https://www.google.com/maps/place/Shibata+Motorcycle/data=!4m7!3m6!1s0x600106011a98840d:0xcae5760e72a2d9e5!8m2!3d34.9784732!4d135.7491!16s%2Fg%2F1vv2s43w!19sChIJDYSYGgEGAWAR5dmicg525co?authuser=0&hl=es-419&rclk=1,Shibata Motorcycle
https://www.google.com/maps/place/J-Cycle/data=!4m7!3m6!1s0x600108981a0a4acf:0x838ff450162e26a3!8m2!3d34.998782!4d135.7580353!16s%2Fg%2F1v41_c39!19sChIJz0oKGpgIAWARoyYuFlD0j4M?authuser=0&hl=es-419&rclk=1,J-Cycle
https://www.google.com/maps/place/bol.motor%26cycle/data=!4m7!3m6!1s0x600107bc42d05773:0xf86983a8dd78e55f!8m2!3d35.0074367!4d135.7582525!16s%2Fg%2F1tgxtflz!19sChIJc1fQQrwHAWARX-V43aiDafg?authuser=0&hl=es-419&rclk=1,bol.motor&cycle
https://www.google.com/maps/place/tabi+to+COG+KYOTO/data=!4m7!3m6!1s0x6001099cf6ec8797:0xdb1dae32d853eba4!8m2!3d35.0074366!4d135.7611822!16s%2Fg%2F11jm_glbkk!19sChIJl4fs9pwJAWARpOtT2DKuHds?authuser=0&hl=es-419&rclk=1,tabi to COG KYOTO
https://www.google.com/maps/place/Saikurudorimufushimiten/data=!4m7!3m6!1s0x60010f65292eaaab:0x6bc96398a2655984!8m2!3d34.9542099!4d135.7594897!16s%2Fg%2F11byydjgk8!19sChIJq6ouKWUPAWARhFllophjyWs?authuser=0&hl=es-419&rclk=1,Saikurudorimufushimiten
https://www.google.com/maps/place/la+bicyclette+Shimizu+%E6%B8%85%E6%B0%B4%E8%87%AA%E8%BB%A2%E8%BB%8A+%E8%8A%B1%E5%9C%92%E5%BA%97/data=!4m7!3m6!1s0x6001079969926fd5:0x9706f6f4f4c1a796!8m2!3d35.0196114!4d135.7199028!16s%2Fg%2F1tqt9ktl!19sChIJ1W-SaZkHAWARlqfB9PT2Bpc?authuser=0&hl=es-419&rclk=1,la bicyclette Shimizu 清水自転車 花園店
https://www.google.com/maps/place/%E4%B9%85%E4%BF%9D%E6%9D%91%E3%83%A2%E3%83%BC%E3%82%BF%E3%83%BC%E6%96%B0%E8%BB%8A%E9%A4%A8/data=!4m7!3m6!1s0x6001065252dc3231:0xfa250e4371a2ee82!8m2!3d34.9953689!4d135.7213193!16s%2Fg%2F1whdj7p0!19sChIJMTLcUlIGAWARgu6icUMOJfo?authuser=0&hl=es-419&rclk=1,久保村モーター新車館
https://www.google.com/maps/place/%EF%BC%AD%EF%BD%8F%EF%BD%8B%EF%BD%95%EF%BC%92%2B%EF%BC%94/data=!4m7!3m6!1s0x600107aab985e411:0xbe643ff46f51d4d6!8m2!3d34.9964002!4d135.7151247!16s%2Fg%2F11b6dr_gnw!19sChIJEeSFuaoHAWAR1tRRb_Q_ZL4?authuser=0&hl=es-419&rclk=1,Ｍｏｋｕ２+４
https://www.google.com/maps/place/%E5%A1%A9%E7%94%B0%E8%87%AA%E8%BB%A2%E8%BB%8A%E5%BA%97/data=!4m7!3m6!1s0x600107ceadb8d64d:0xb8cbb202822f4d65!8m2!3d35.011243!4d135.7381231!16s%2Fg%2F1tfc1xwk!19sChIJTda4rc4HAWARZU0vggKyy7g?authuser=0&hl=es-419&rclk=1,塩田自転車店
https://www.google.com/maps/place/Bikeshop+Most/data=!4m7!3m6!1s0x6001065bbfe01529:0xc818d62da92898c5!8m2!3d34.9857189!4d135.7201885!16s%2Fg%2F113gh4w4n!19sChIJKRXgv1sGAWARxZgoqS3WGMg?authuser=0&hl=es-419&rclk=1,Bikeshop Most
https://www.google.com/maps/place/Cycle+Shop+Tapio/data=!4m7!3m6!1s0x6001099cb9c360c9:0xf82111fb4942a282!8m2!3d35.0238384!4d135.7521755!16s%2Fg%2F11spjqgwqp!19sChIJyWDDuZwJAWARgqJCSfsRIfg?authuser=0&hl=es-419&rclk=1,Cycle Shop Tapio
https://www.google.com/maps/place/Cycle+Nishimura/data=!4m7!3m6!1s0x6001061178bb0d87:0x612af3a79046d224!8m2!3d34.9819188!4d135.7382317!16s%2Fg%2F11fm3p13zp!19sChIJhw27eBEGAWARJNJGkKfzKmE?authuser=0&hl=es-419&rclk=1,Cycle Nishimura
https://www.google.com/maps/place/%E5%B1%B1%E7%94%B0%E3%83%A2%E3%83%BC%E3%82%BF%E3%83%BC%E5%95%86%E4%BC%9A/data=!4m7!3m6!1s0x6001062d304471cb:0xc6030db0187bbfa1!8m2!3d35.0086461!4d135.7442789!16s%2Fg%2F1v3grt4t!19sChIJy3FEMC0GAWARob97GLANA8Y?authuser=0&hl=es-419&rclk=1,山田モーター商会
https://www.google.com/maps/place/Leo+Tanimoto+Honten/data=!4m7!3m6!1s0x600107b4379bb0b7:0xd34e472022dfc6e5!8m2!3d35.0060933!4d135.73026!16s%2Fg%2F1tl7nm9b!19sChIJt7CbN7QHAWAR5cbfIiBHTtM?authuser=0&hl=es-419&rclk=1,Leo Tanimoto Honten
https://www.google.com/maps/place/Orange+Bike/data=!4m7!3m6!1s0x6001078d72d04371:0xa6963e4ab27be23b!8m2!3d35.0308283!4d135.7312806!16s%2Fg%2F11b76_0prx!19sChIJcUPQco0HAWARO-J7sko-lqY?authuser=0&hl=es-419&rclk=1,Orange Bike
https://www.google.com/maps/place/TRIPBIKE/data=!4m7!3m6!1s0x60010859218e71d7:0x27bf2ab75554c9d7!8m2!3d35.025127!4d135.7768588!16s%2Fg%2F1ydxc3n7b!19sChIJ13GOIVkIAWAR18lUVbcqvyc?authuser=0&hl=es-419&rclk=1,TRIPBIKE
https://www.google.com/maps/place/%EF%BC%B5%E3%83%BC%EF%BC%A2%EF%BD%89%EF%BD%8B%EF%BD%85+%EF%BC%AB%EF%BD%99%EF%BD%8F%EF%BD%94%EF%BD%8F+%EF%BC%88%E6%A0%AA%E5%BC%8F%E4%BC%9A%E7%A4%BE%E3%83%A6%E3%83%BC%E3%83%90%E3%82%A4%E3%82%AF%E4%BA%AC%E9%83%BD%EF%BC%89/data=!4m7!3m6!1s0x6001075df8b3aa91:0x905d70bf79fe78e9!8m2!3d35.0183577!4d135.7434697!16s%2Fg%2F11gdvn6klb!19sChIJkaqz-F0HAWAR6Xj-eb9wXZA?authuser=0&hl=es-419&rclk=1,ＵーＢｉｋｅ Ｋｙｏｔｏ （株式会社ユーバイク京都）
https://www.google.com/maps/place/Cycle+Shop+Kita/data=!4m7!3m6!1s0x600107e873a6ab9d:0x4922782cc48b5e30!8m2!3d35.02719!4d135.742234!16s%2Fg%2F1tj9t6zt!19sChIJnaumc-gHAWARMF6LxCx4Ikk?authuser=0&hl=es-419&rclk=1,Cycle Shop Kita
https://www.google.com/maps/place/%E3%82%B5%E3%82%A4%E3%82%AF%E3%83%AB%E3%82%B7%E3%83%A7%E3%83%83%E3%83%97%E3%82%A8%E3%82%A4%E3%83%AA%E3%83%B3%E6%A1%82%E5%B7%A5%E5%A0%B4%E6%9C%AC%E5%BA%97/data=!4m7!3m6!1s0x600106fbc24b8365:0x1b38ed75e535a25!8m2!3d34.9870977!4d135.7087407!16s%2Fg%2F11c43pjbb1!19sChIJZYNLwvsGAWARJVpTXteOswE?authuser=0&hl=es-419&rclk=1,サイクルショップエイリン桂工場本店
https://www.google.com/maps/place/Cycle+Shop+Eirin+Marutamachi/data=!4m7!3m6!1s0x6001088b098929c3:0x595081815493caa0!8m2!3d35.0172915!4d135.7687996!16s%2Fg%2F11b7kk4jdz!19sChIJwymJCYsIAWARoMqTVIGBUFk?authuser=0&hl=es-419&rclk=1,Cycle Shop Eirin Marutamachi
https://www.google.com/maps/place/Cycle+Shop+Gift+Umezu/data=!4m7!3m6!1s0x600107147056571b:0x4b20e82418bb1244!8m2!3d35.0034419!4d135.6996825!16s%2Fg%2F11b76tttbm!19sChIJG1dWcBQHAWARRBK7GCToIEs?authuser=0&hl=es-419&rclk=1,Cycle Shop Gift Umezu
https://www.google.com/maps/place/FridgeBicycle/data=!4m7!3m6!1s0x6001088dd0e9da29:0x5f99ca1216aa461b!8m2!3d35.01208!4d135.7666809!16s%2Fg%2F11csqjn17_!19sChIJKdrp0I0IAWARG0aqFhLKmV8?authuser=0&hl=es-419&rclk=1,FridgeBicycle
https://www.google.com/maps/place/UP+CYCLES/data=!4m7!3m6!1s0x6001073b86512f67:0x2f18ac43b3ad3c76!8m2!3d35.0321345!4d135.7273329!16s%2Fg%2F11jntv82gc!19sChIJZy9RhjsHAWARdjyts0OsGC8?authuser=0&hl=es-419&rclk=1,UP CYCLES
https://www.google.com/maps/place/%E3%82%A2%E3%82%B7%E3%82%B9%E3%83%88%EF%BC%86%E3%82%B5%E3%82%A4%E3%82%AF%E3%83%AB%E8%BD%8D+-Assist+%26+Cycle+Wadachi-%EF%BC%88%E4%BA%AC%E9%83%BD%E3%83%BB%E5%8C%97%E5%8C%BA%E3%83%BB%E8%87%AA%E8%BB%A2%E8%BB%8A%E4%BF%AE%E7%90%86%E3%83%BB%E9%9B%BB%E5%8B%95%E3%82%A2%E3%82%B7%E3%82%B9%E3%83%88%E8%87%AA%E8%BB%A2%E8%BB%8A%EF%BC%89/data=!4m7!3m6!1s0x600107b1e65aba1f:0xfd851188915ff67d!8m2!3d35.0451667!4d135.7513797!16s%2Fg%2F11fr409d10!19sChIJH7pa5rEHAWARffZfkYgRhf0?authuser=0&hl=es-419&rclk=1,アシスト＆サイクル轍 -Assist & Cycle Wadachi-（京都・北区・自転車修理・電動アシスト自転車）
https://www.google.com/maps/place/%E7%9F%B3%E7%94%B0%E8%87%AA%E8%BB%A2%E8%BB%8A%E5%BA%97/data=!4m7!3m6!1s0x6001077ac5547b61:0x50f7d707a8cfe916!8m2!3d35.0195656!4d135.7053346!16s%2Fg%2F1vxw84vk!19sChIJYXtUxXoHAWARFunPqAfX91A?authuser=0&hl=es-419&rclk=1,石田自転車店
https://www.google.com/maps/place/Uchibayashi+Motorcycle/data=!4m7!3m6!1s0x600106edd16803f5:0x39b18f83768cca39!8m2!3d34.9764251!4d135.7027216!16s%2Fg%2F1tjv3dnz!19sChIJ9QNo0e0GAWAROcqMdoOPsTk?authuser=0&hl=es-419&rclk=1,Uchibayashi Motorcycle
https://www.google.com/maps/place/Takenaka+Umezu/data=!4m7!3m6!1s0x60010712265a33e5:0x26eb90b6754134a8!8m2!3d35.0037278!4d135.703107!16s%2Fg%2F1tgb_nzw!19sChIJ5TNaJhIHAWARqDRBdbaQ6yY?authuser=0&hl=es-419&rclk=1,Takenaka Umezu
https://www.google.com/maps/place/%E7%A6%8F%E4%BA%95%E8%87%AA%E8%BB%A2%E8%BB%8A%E5%95%86%E4%BC%9A/data=!4m7!3m6!1s0x600107c6ccc6c9c1:0x5859273e3632b114!8m2!3d35.0187306!4d135.7363156!16s%2Fg%2F11g1knm8gr!19sChIJwcnGzMYHAWARFLEyNj4nWVg?authuser=0&hl=es-419&rclk=1,福井自転車商会
https://www.google.com/maps/place/Koseki+Cycling+Center/data=!4m7!3m6!1s0x600107ee927683b5:0x346d5d850d35689!8m2!3d35.0304812!4d135.7388668!16s%2Fg%2F1yg578193!19sChIJtYN2ku4HAWARiVbTUNjVRgM?authuser=0&hl=es-419&rclk=1,Koseki Cycling Center
https://www.google.com/maps/place/%EF%BC%88%E6%A0%AA%EF%BC%89%E6%9D%BE%E4%BA%95%E4%BF%9D%E5%95%86%E4%BC%9A/data=!4m7!3m6!1s0x60010885790d6719:0xc6caa9c26bbdcc9b!8m2!3d35.0099541!4d135.7611505!16s%2Fg%2F1tfgp93z!19sChIJGWcNeYUIAWARm8y9a8KpysY?authuser=0&hl=es-419&rclk=1,（株）松井保商会
https://www.google.com/maps/place/Japan+Tire+Center+Kyoto/data=!4m7!3m6!1s0x600106486bb9b331:0x5c3582cedc9b9c70!8m2!3d34.9952815!4d135.7315975!16s%2Fg%2F1w112275!19sChIJMbO5a0gGAWARcJyb3M6CNVw?authuser=0&hl=es-419&rclk=1,Japan Tire Center Kyoto
https://www.google.com/maps/place/%E4%B8%B8%E6%96%B0%E8%87%AA%E8%BB%A2%E8%BB%8A%E5%95%86%E4%BC%9A%28Kaoru%27s+Factory%29/data=!4m7!3m6!1s0x6001087c2af8aa11:0xe6a4c525bca909fb!8m2!3d35.0172592!4d135.7569693!16s%2Fg%2F11bx1s6ygd!19sChIJEar4KnwIAWAR-wmpvCXFpOY?authuser=0&hl=es-419&rclk=1,丸新自転車商会(Kaoru's Factory)
https://www.google.com/maps/place/Daiwa+Cycle/data=!4m7!3m6!1s0x600107c5c864c45d:0x1afd89b78af002a2!8m2!3d35.0299183!4d135.7509485!16s%2Fg%2F11jj7rrt0c!19sChIJXcRkyMUHAWARogLwireJ_Ro?authuser=0&hl=es-419&rclk=1,Daiwa Cycle
https://www.google.com/maps/place/Iwai+Cycle+Center/data=!4m7!3m6!1s0x600105d378a9ab87:0xe70a4f0f4759c924!8m2!3d34.9560991!4d135.7165756!16s%2Fg%2F1tvrzmch!19sChIJh6upeNMFAWARJMlZRw9PCuc?authuser=0&hl=es-419&rclk=1,Iwai Cycle Center
https://www.google.com/maps/place/%E7%AB%B9%E5%86%85%E8%87%AA%E8%BB%A2%E8%BB%8A%E5%95%86%E4%BC%9A/data=!4m7!3m6!1s0x600108f3eba0f203:0xa7a9fe03e7651325!8m2!3d35.0176766!4d135.7747681!16s%2Fg%2F1tdq5xkr!19sChIJA_Kg6_MIAWARJRNl5wP-qac?authuser=0&hl=es-419&rclk=1,竹内自転車商会
https://www.google.com/maps/place/GNARLY+BIKES%EF%BC%88%E3%83%8A%E3%83%BC%E3%83%AA%E3%83%BC%E3%83%90%E3%82%A4%E3%82%AF%E3%82%B9%EF%BC%89/data=!4m7!3m6!1s0x600107e650c45dab:0x505e3530e4acf913!8m2!3d35.029712!4d135.744645!16s%2Fg%2F11c51swr5_!19sChIJq13EUOYHAWARE_ms5DA1XlA?authuser=0&hl=es-419&rclk=1,GNARLY BIKES（ナーリーバイクス）
https://www.google.com/maps/place/Cycle+Shop+Gift+Uzumasa/data=!4m7!3m6!1s0x6001076927d6c0c1:0x27e7054f079639af!8m2!3d35.0137017!4d135.7028109!16s%2Fg%2F11fmqnhmrg!19sChIJwcDWJ2kHAWARrzmWB08F5yc?authuser=0&hl=es-419&rclk=1,Cycle Shop Gift Uzumasa
https://www.google.com/maps/place/Rent-a-Bike+Kyoto+Miyabiya/data=!4m7!3m6!1s0x600108a4e64b9277:0x21bad50ff11b4f99!8m2!3d34.9924151!4d135.7601796!16s%2Fg%2F1tfzb28s!19sChIJd5JL5qQIAWARmU8b8Q_VuiE?authuser=0&hl=es-419&rclk=1,Rent-a-Bike Kyoto Miyabiya
https://www.google.com/maps/place/Parusu+Kyoto+Kujokawaramachiten+Seibikojo/data=!4m7!3m6!1s0x60010f4db5687665:0xe4539f9866f62436!8m2!3d34.9791262!4d135.7638691!16s%2Fg%2F1td2md0z!19sChIJZXZotU0PAWARNiT2ZpifU-Q?authuser=0&hl=es-419&rclk=1,Parusu Kyoto Kujokawaramachiten Seibikojo
https://www.google.com/maps/place/Cycle+Shop+K-craft/data=!4m7!3m6!1s0x60010799a43d1ed3:0x78363f1ab81a61bd!8m2!3d35.0185395!4d135.7569051!16s%2Fg%2F11cfc4n0v!19sChIJ0x49pJkHAWARvWEauBo_Nng?authuser=0&hl=es-419&rclk=1,Cycle Shop K-craft
https://www.google.com/maps/place/%231-jyo+Ultimate+Factory+Kyoto/data=!4m7!3m6!1s0x600108ecef093c5d:0x86fc6acddf147de0!8m2!3d35.010324!4d135.7726629!16s%2Fg%2F1tfrm72g!19sChIJXTwJ7-wIAWAR4H0U381q_IY?authuser=0&hl=es-419&rclk=1,#1-jyo Ultimate Factory Kyoto
https://www.google.com/maps/place/%EF%BC%88%E6%A0%AA%EF%BC%89%E4%B8%8A%E9%87%8E%E4%BA%80%E5%95%86%E5%BA%97/data=!4m7!3m6!1s0x600108b7085da423:0xe0213a9791eb2bc0!8m2!3d34.9919438!4d135.7685817!16s%2Fg%2F1tknkbk9!19sChIJI6RdCLcIAWARwCvrkZc6IeA?authuser=0&hl=es-419&rclk=1,（株）上野亀商店
https://www.google.com/maps/place/Bike+Way/data=!4m7!3m6!1s0x600105de964285f9:0x2260c4179ae7df31!8m2!3d34.9631836!4d135.7296659!16s%2Fg%2F1vl9rcxl!19sChIJ-YVClt4FAWARMd_nmhfEYCI?authuser=0&hl=es-419&rclk=1,Bike Way
https://www.google.com/maps/place/T%C5%8Dji+Keisha+K%C5%8Dgy%C5%8D/data=!4m7!3m6!1s0x60010601a29a0029:0xf049dc96ee264068!8m2!3d34.9795035!4d135.7501724!16s%2Fg%2F1vmr18dp!19sChIJKQCaogEGAWARaEAm7pbcSfA?authuser=0&hl=es-419&rclk=1,Tōji Keisha Kōgyō
https://www.google.com/maps/place/%E3%83%90%E3%82%A4%E3%82%AF%E5%B7%A5%E6%88%BF%E5%B2%A9%E5%9F%8E/data=!4m7!3m6!1s0x60010623fcbdbe8b:0xd66d2999157a258!8m2!3d35.0000079!4d135.7470019!16s%2Fg%2F1vcjm4c1!19sChIJi769_CMGAWARWKJXkZnSZg0?authuser=0&hl=es-419&rclk=1,バイク工房岩城
https://www.google.com/maps/place/%E3%82%B5%E3%82%A4%E3%82%AF%E3%83%AB%E3%83%93%E3%83%AC%E3%83%83%E3%82%B8%E3%82%B8%E3%83%A3%E3%83%A0%E3%82%B8%E3%83%A3%E3%83%A0/data=!4m7!3m6!1s0x600107e99e8cffff:0x2c2107b0ccc372c!8m2!3d35.0264263!4d135.7388384!16s%2Fg%2F11hbc2gc49!19sChIJ__-MnukHAWARLDfMDHsQwgI?authuser=0&hl=es-419&rclk=1,サイクルビレッジジャムジャム
https://www.google.com/maps/place/%E8%87%AA%E8%BB%A2%E8%BB%8A%E5%B1%8BNOTTON%E2%80%99nal+%E3%83%8E%E3%83%83%E3%83%88%E3%83%B3%E3%83%8A%E3%83%AB/data=!4m7!3m6!1s0x6001084dde8fbf4b:0x8984890540936388!8m2!3d35.0380891!4d135.7855624!16s%2Fg%2F11cmrrm_qz!19sChIJS7-P3k0IAWARiGOTQAWJhIk?authuser=0&hl=es-419&rclk=1,自転車屋NOTTON’nal ノットンナル
https://www.google.com/maps/place/Cycle+Base+Asahi+Katsuragawa+Store/data=!4m7!3m6!1s0x6001068358f7ad35:0xd56ab2ec249a9987!8m2!3d34.962286!4d135.7059739!16s%2Fg%2F11byclv4st!19sChIJNa33WIMGAWARh5maJOyyatU?authuser=0&hl=es-419&rclk=1,Cycle Base Asahi Katsuragawa Store
https://www.google.com/maps/place/R%27s+GARAGE/data=!4m7!3m6!1s0x6001063c69f58fb9:0x989f8cdd9e0f7e3b!8m2!3d34.9924581!4d135.7393826!16s%2Fg%2F11f3xhfb6_!19sChIJuY_1aTwGAWARO34Pnt2Mn5g?authuser=0&hl=es-419&rclk=1,R's GARAGE
https://www.google.com/maps/place/Y%27s+Road+Kyoto/data=!4m7!3m6!1s0x60010894657d61e3:0x484469dc6fdd85a!8m2!3d35.0060567!4d135.7681102!16s%2Fg%2F11c1n1bj3w!19sChIJ42F9ZZQIAWARWtj9xp1GhAQ?authuser=0&hl=es-419&rclk=1,Y's Road Kyoto
https://www.google.com/maps/place/Bicycle+Kyubei+Shimogamo+shop/data=!4m7!3m6!1s0x6001083fdb76096f:0xee5c2fb716416993!8m2!3d35.0407719!4d135.7714896!16s%2Fg%2F1tx46yr7!19sChIJbwl22z8IAWARk2lBFrcvXO4?authuser=0&hl=es-419&rclk=1,Bicycle Kyubei Shimogamo shop
https://www.google.com/maps/place/Clover+Motorcycle+Uzumasa/data=!4m7!3m6!1s0x6001070dc6ac5fef:0xf8cbaad7bd45fa17!8m2!3d35.0058385!4d135.7062345!16s%2Fg%2F11b6hvd22y!19sChIJ71-sxg0HAWARF_pFvdeqy_g?authuser=0&hl=es-419&rclk=1,Clover Motorcycle Uzumasa
https://www.google.com/maps/place/whoo+bicycles%EF%BC%88%E3%83%95%E3%83%BC%E3%83%BB%E3%83%90%E3%82%A4%E3%82%B7%E3%82%AF%E3%83%AB%EF%BC%89/data=!4m7!3m6!1s0x6001088ed1a40001:0x1a279f7c00d6f9bb!8m2!3d35.0136089!4d135.7644193!16s%2Fg%2F11bwy4hg16!19sChIJAQCk0Y4IAWARu_nWAHyfJxo?authuser=0&hl=es-419&rclk=1,whoo bicycles（フー・バイシクル）
https://www.google.com/maps/place/Peacock+Kashihara+Shop/data=!4m7!3m6!1s0x600106c2cebb622f:0xbb5730d7fa0d2074!8m2!3d34.9767354!4d135.6937741!16s%2Fg%2F1pv5vb8nn!19sChIJL2K7zsIGAWARdCAN-tcwV7s?authuser=0&hl=es-419&rclk=1,Peacock Kashihara Shop
https://www.google.com/maps/place/Kon%27s+Cycle+Kamishichiken/data=!4m7!3m6!1s0x600107eec6205f35:0x7ed54a70c4ad8c3e!8m2!3d35.0295818!4d135.7393443!16s%2Fg%2F1vyxj9kv!19sChIJNV8gxu4HAWARPoytxHBK1X4?authuser=0&hl=es-419&rclk=1,Kon's Cycle Kamishichiken
https://www.google.com/maps/place/%E5%AE%89%E6%9C%AC%E3%83%90%E3%82%A4%E3%82%AF%E3%83%97%E3%83%BC%E3%83%AB+%E3%83%AC%E3%83%B3%E3%82%BF%E3%82%B5%E3%82%A4%E3%82%AF%E3%83%AB/data=!4m7!3m6!1s0x600108ec93ec4c31:0x7f9ae6de434ce64d!8m2!3d35.0095955!4d135.7725282!16s%2Fg%2F1hc72b698!19sChIJMUzsk-wIAWARTeZMQ97mmn8?authuser=0&hl=es-419&rclk=1,安本バイクプール レンタサイクル
https://www.google.com/maps/place/Eirin/data=!4m7!3m6!1s0x60010873dc0a787d:0x6956bcd24ecae3b1!8m2!3d35.0291686!4d135.7574109!16s%2Fg%2F1td69s5w!19sChIJfXgK3HMIAWARsePKTtK8Vmk?authuser=0&hl=es-419&rclk=1,Eirin
https://www.google.com/maps/place/Arms/data=!4m7!3m6!1s0x6001065982557679:0x35d0441d5171c99f!8m2!3d34.98627!4d135.7185087!16s%2Fg%2F11bw1q00j8!19sChIJeXZVglkGAWARn8lxUR1E0DU?authuser=0&hl=es-419&rclk=1,Arms
https://www.google.com/maps/place/Yamaguchi+Cycle/data=!4m7!3m6!1s0x6001070da5dc557f:0x1aea727e3baf12fc!8m2!3d35.0069942!4d135.7064294!16s%2Fg%2F11hbql5qt5!19sChIJf1XcpQ0HAWAR_BKvO35y6ho?authuser=0&hl=es-419&rclk=1,Yamaguchi Cycle
https://www.google.com/maps/place/Aiba+Cycle/data=!4m7!3m6!1s0x60010843713cba35:0xc364dda82fd55fab!8m2!3d35.0339556!4d135.7749765!16s%2Fg%2F1tgc9dnv!19sChIJNbo8cUMIAWARq1_VL6jdZMM?authuser=0&hl=es-419&rclk=1,Aiba Cycle
https://www.google.com/maps/place/LORO+Cycleworks+Kyoto/data=!4m7!3m6!1s0x60010623fbace2cb:0x5a9421b202788644!8m2!3d35.0531194!4d135.75466!16s%2Fg%2F11bwkbcwfs!19sChIJy-Ks-yMGAWARRIZ4ArIhlFo?authuser=0&hl=es-419&rclk=1,LORO Cycleworks Kyoto
https://www.google.com/maps/place/%E8%8B%A5%E6%9E%97%E8%87%AA%E8%BB%A2%E8%BB%8A%E5%95%86%E4%BC%9A+%E5%94%90%E5%B4%8E%E5%BA%97/data=!4m7!3m6!1s0x60010b73b22864f1:0x8ee23315ad88e546!8m2!3d35.047149!4d135.872761!16s%2Fg%2F11f3x7wr2f!19sChIJ8WQosnMLAWARRuWIrRUz4o4?authuser=0&hl=es-419&rclk=1,若林自転車商会 唐崎店
https://www.google.com/maps/place/%E3%82%B5%E3%82%A4%E3%82%AF%E3%83%AB%E3%81%A9%E3%82%8A%E3%83%BC%E3%82%80%E5%9B%9B%E6%9D%A1%E5%BA%97/data=!4m7!3m6!1s0x600107a91e7ad8e3:0xb89aafebb99a1765!8m2!3d35.00338!4d135.717479!16s%2Fg%2F1tfbssqp!19sChIJ49h6HqkHAWARZReaueuvmrg?authuser=0&hl=es-419&rclk=1,サイクルどりーむ四条店
https://www.google.com/maps/place/Cycle+Base+Asahi+Kyoto-minami/data=!4m7!3m6!1s0x60010582894eae2b:0x9d89653a57e79d83!8m2!3d34.9389611!4d135.7447054!16s%2Fg%2F1tf4f3vh!19sChIJK65OiYIFAWARg53nVzpliZ0?authuser=0&hl=es-419&rclk=1,Cycle Base Asahi Kyoto-minami
https://www.google.com/maps/place/Kon%27s+Cycle+Fushimi/data=!4m7!3m6!1s0x60010f9d42f313dd:0xc152630c0b02310e!8m2!3d34.9456962!4d135.7626716!16s%2Fg%2F1wcxc_c5!19sChIJ3RPzQp0PAWARDjECCwxjUsE?authuser=0&hl=es-419&rclk=1,Kon's Cycle Fushimi
https://www.google.com/maps/place/Daiwasaikuru+Rokujizoten/data=!4m7!3m6!1s0x60010ff7a5a56991:0x571b494eed505b5b!8m2!3d34.9357032!4d135.7935268!16s%2Fg%2F11stg8snc5!19sChIJkWmlpfcPAWARW1tQ7U5JG1c?authuser=0&hl=es-419&rclk=1,Daiwasaikuru Rokujizoten
https://www.google.com/maps/place/BaseRocketPunch/data=!4m7!3m6!1s0x60010e15ef7e26bd:0xc79cd0eb510bb042!8m2!3d34.9461502!4d135.8094645!16s%2Fg%2F11btwv53dg!19sChIJvSZ-7xUOAWARQrALUevQnMc?authuser=0&hl=es-419&rclk=1,BaseRocketPunch
https://www.google.com/maps/place/MantenCycle/data=!4m7!3m6!1s0x60010f8cf8699111:0xbac535f39bba47b7!8m2!3d34.9289121!4d135.7587202!16s%2Fg%2F1pp2txbc1!19sChIJEZFp-IwPAWARt0e6m_M1xbo?authuser=0&hl=es-419&rclk=1,MantenCycle
https://www.google.com/maps/place/Cycle+840/data=!4m7!3m6!1s0x60010fece6b51d1b:0x1d06e248bff162b!8m2!3d34.9326958!4d135.7649232!16s%2Fg%2F11h3cvtqdy!19sChIJGx215uwPAWARKxb_iyRu0AE?authuser=0&hl=es-419&rclk=1,Cycle 840
https://www.google.com/maps/place/Peacock+Makishima/data=!4m7!3m6!1s0x6001102d19cffccf:0xc59e4a153c5b692c!8m2!3d34.9154613!4d135.7886523!16s%2Fg%2F11g9q8ssz8!19sChIJz_zPGS0QAWARLGlbPBVKnsU?authuser=0&hl=es-419&rclk=1,Peacock Makishima
https://www.google.com/maps/place/Cycle+Dream+Ogura/data=!4m7!3m6!1s0x6001104fb2a8f7df:0xb7301e38cb1b8622!8m2!3d34.8948019!4d135.7830766!16s%2Fg%2F1tkp4wr4!19sChIJ3_eosk8QAWARIoYbyzgeMLc?authuser=0&hl=es-419&rclk=1,Cycle Dream Ogura
https://www.google.com/maps/place/Cycle+Base+Asahi/data=!4m7!3m6!1s0x60010f5ff7ee8549:0x92d9545db5d3d8c4!8m2!3d34.94219!4d135.8054711!16s%2Fg%2F11l3b1twht!19sChIJSYXu918PAWARxNjTtV1U2ZI?authuser=0&hl=es-419&rclk=1,Cycle Base Asahi
https://www.google.com/maps/place/KON%27S+CYCLE+MOMO%E3%83%86%E3%83%A9%E3%82%B9%E5%BA%97/data=!4m7!3m6!1s0x60010e33dcb143dd:0x38afef8d1812d37c!8m2!3d34.9372012!4d135.7941404!16s%2Fg%2F11bwd00f9w!19sChIJ3UOx3DMOAWARfNMSGI3vrzg?authuser=0&hl=es-419&rclk=1,KON'S CYCLE MOMOテラス店
https://www.google.com/maps/place/Peacock+Mukaijima/data=!4m7!3m6!1s0x60010fdd12e4e6b1:0x1e65173841917f81!8m2!3d34.9225583!4d135.7722988!16s%2Fg%2F1tzgjjpy!19sChIJsebkEt0PAWARgX-RQTgXZR4?authuser=0&hl=es-419&rclk=1,Peacock Mukaijima
https://www.google.com/maps/place/%E3%83%9F%E3%82%BD%E3%83%8E%E5%95%86%E4%BC%9A/data=!4m7!3m6!1s0x60010e25ebd0a351:0xd516d9ee869aec0a!8m2!3d34.933365!4d135.8005077!16s%2Fg%2F1tg9hg2p!19sChIJUaPQ6yUOAWARCuyahu7ZFtU?authuser=0&hl=es-419&rclk=1,ミソノ商会
https://www.google.com/maps/place/%E3%82%B5%E3%82%A4%E3%82%AF%E3%83%AB%E3%82%B7%E3%83%A7%E3%83%83%E3%83%97%E3%83%8A%E3%82%AB%E3%82%A4%E5%90%91%E5%B3%B6%E5%BA%97/data=!4m7!3m6!1s0x6001102c988c61a7:0x51d3b3d17e9d26c1!8m2!3d34.9178985!4d135.7887888!16s%2Fg%2F1tf6gjx3!19sChIJp2GMmCwQAWARwSadftGz01E?authuser=0&hl=es-419&rclk=1,サイクルショップナカイ向島店
https://www.google.com/maps/place/%E7%94%B0%E4%B8%AD%E7%95%99%E5%95%86%E4%BC%9A/data=!4m7!3m6!1s0x60010f8fbe05aa3b:0x4242c1705c7100c1!8m2!3d34.9351836!4d135.7601189!16s%2Fg%2F1tdb8r48!19sChIJO6oFvo8PAWARwQBxXHDBQkI?authuser=0&hl=es-419&rclk=1,田中留商会
https://www.google.com/maps/place/Cycle+Base+Asahi+Uji+Ogura/data=!4m7!3m6!1s0x60011030007a26d9:0x7b28df98ddf84466!8m2!3d34.8999502!4d135.783271!16s%2Fg%2F1tf4dyk5!19sChIJ2SZ6ADAQAWARZkT43ZjfKHs?authuser=0&hl=es-419&rclk=1,Cycle Base Asahi Uji Ogura
https://www.google.com/maps/place/%E9%81%8A%E8%BC%AA%E9%A4%A8CYCLE%E9%9B%85/data=!4m7!3m6!1s0x60010f9970ecc377:0x6fe81c568de1370d!8m2!3d34.9420475!4d135.7669981!16s%2Fg%2F11c538m5t6!19sChIJd8PscJkPAWARDTfhjVYc6G8?authuser=0&hl=es-419&rclk=1,遊輪館CYCLE雅
https://www.google.com/maps/place/%E8%87%AA%E8%BB%A2%E8%BB%8A%E5%87%BA%E5%BC%B5%E4%BF%AE%E7%90%86%E3%82%8B%E3%83%BC%E3%81%8D%E3%83%BC/data=!4m7!3m6!1s0x600105a18df2fa33:0x563cde41d9e45f1!8m2!3d34.9361469!4d135.7317543!16s%2Fg%2F1tf69ys0!19sChIJM_ryjaEFAWAR8UWeHeTNYwU?authuser=0&hl=es-419&rclk=1,自転車出張修理るーきー
https://www.google.com/maps/place/Ueda+Motorcycle+Store/data=!4m7!3m6!1s0x60010f9c9b8be6c5:0x802a951a56d65c7d!8m2!3d34.9421751!4d135.7630885!16s%2Fg%2F1tfq93pb!19sChIJxeaLm5wPAWARfVzWVhqVKoA?authuser=0&hl=es-419&rclk=1,Ueda Motorcycle Store
https://www.google.com/maps/place/%E8%8B%A5%E6%9E%97%E8%87%AA%E8%BB%A2%E8%BB%8A%E5%95%86%E4%BC%9A+%E8%86%B3%E6%89%80%E5%BA%97/data=!4m7!3m6!1s0x60010ce3d4b725f5:0xcbb607d393293f16!8m2!3d35.002162!4d135.880009!16s%2Fg%2F1wl4qht5!19sChIJ9SW31OMMAWARFj8pk9MHtss?authuser=0&hl=es-419&rclk=1,若林自転車商会 膳所店
https://www.google.com/maps/place/%E8%87%AA%E8%BB%A2%E8%BB%8A%E5%B0%82%E9%96%80%E5%BA%97%E3%83%9D%E3%82%B1%E3%83%83%E3%83%88%E3%82%B5%E3%82%A4%E3%82%AF%E3%83%AB/data=!4m7!3m6!1s0x60010fa3d0bfffe5:0x2ba329d8aac2785!8m2!3d34.9183202!4d135.7780317!16s%2Fg%2F11k70pdnts!19sChIJ5f-_0KMPAWARhSesip0yugI?authuser=0&hl=es-419&rclk=1,自転車専門店ポケットサイクル
https://www.google.com/maps/place/Cycle+Auto+Yoshizaki/data=!4m7!3m6!1s0x600105a254ba14bd:0x53efba5ef9919f3d!8m2!3d34.938224!4d135.730851!16s%2Fg%2F1tnjjgkg!19sChIJvRS6VKIFAWARPZ-R-V6671M?authuser=0&hl=es-419&rclk=1,Cycle Auto Yoshizaki
https://www.google.com/maps/place/Bike+%26+Cycle+Tsubota/data=!4m7!3m6!1s0x600111c5c21d6ab7:0x8a05895983932572!8m2!3d34.9156727!4d135.8009595!16s%2Fg%2F1th1cmpq!19sChIJt2odwsURAWARciWTg1mJBYo?authuser=0&hl=es-419&rclk=1,Bike & Cycle Tsubota
https://www.google.com/maps/place/%E3%83%91%E3%83%89%E3%83%83%E3%82%AF%E3%82%B5%E3%83%A0%E3%82%BF%E3%82%A4%E3%83%A0/data=!4m7!3m6!1s0x60010e36a9899b55:0xe0dd3e76f830f652!8m2!3d34.939138!4d135.79489!16s%2Fg%2F1tcv66gz!19sChIJVZuJqTYOAWARUvYw-HY-3eA?authuser=0&hl=es-419&rclk=1,パドックサムタイム
https://www.google.com/maps/place/%E3%82%B5%E3%82%A4%E3%82%AF%E3%83%AD%E3%83%BC%E3%83%89%E3%83%BB%E3%83%95%E3%82%AF%E3%82%A4/data=!4m7!3m6!1s0x600105c78ffa3ff9:0xbb9b0dd414505c79!8m2!3d34.947661!4d135.725435!16s%2Fg%2F1th6dr8b!19sChIJ-T_6j8cFAWAReVxQFNQNm7s?authuser=0&hl=es-419&rclk=1,サイクロード・フクイ
https://www.google.com/maps/place/Hashimoto+Motorcycle/data=!4m7!3m6!1s0x600105083b17c02b:0x9ff9e944dc10ca2!8m2!3d34.9286452!4d135.7252514!16s%2Fg%2F1tmk8d92!19sChIJK8AXOwgFAWARogzBTZSe_wk?authuser=0&hl=es-419&rclk=1,Hashimoto Motorcycle
https://www.google.com/maps/place/%EF%BC%B3%EF%BC%86%EF%BC%B3+%EF%BC%A3%EF%BC%B9%EF%BC%A3%EF%BC%AC%EF%BC%A5%EF%BC%B3/data=!4m7!3m6!1s0x60010f747340ea61:0x9ee29abffcd497f4!8m2!3d34.9430879!4d135.7683546!16s%2Fg%2F11fj3mnws2!19sChIJYepAc3QPAWAR9JfU_L-a4p4?authuser=0&hl=es-419&rclk=1,Ｓ＆Ｓ ＣＹＣＬＥＳ
https://www.google.com/maps/place/Nakamura+Motorcycle/data=!4m7!3m6!1s0x600111da871fbb57:0xd13c5b6d57c267b2!8m2!3d34.9209753!4d135.7998909!16s%2Fg%2F1tm8kh5h!19sChIJV7sfh9oRAWARsmfCV21bPNE?authuser=0&hl=es-419&rclk=1,Nakamura Motorcycle
https://www.google.com/maps/place/%E3%83%A4%E3%83%96%E3%83%8D%E8%87%AA%E8%BB%A2%E8%BB%8A%E5%95%86%E4%BC%9A/data=!4m7!3m6!1s0x60010f83c66cda99:0x7588fe3dfc4af64e!8m2!3d34.9413445!4d135.7579329!16s%2Fg%2F11btrs8qyw!19sChIJmdpsxoMPAWARTvZK_D3-iHU?authuser=0&hl=es-419&rclk=1,ヤブネ自転車商会
https://www.google.com/maps/place/%E5%B9%B3%E9%87%8E%E3%82%B5%E3%82%A4%E3%82%AF%E3%83%AB%E5%95%86%E4%BC%9A/data=!4m7!3m6!1s0x6001104671209b57:0xc6ad574080f65f4e!8m2!3d34.8962867!4d135.7788971!16s%2Fg%2F1tk8nhkh!19sChIJV5sgcUYQAWARTl_2gEBXrcY?authuser=0&hl=es-419&rclk=1,平野サイクル商会
https://www.google.com/maps/place/Moto+Works+Fushimi/data=!4m7!3m6!1s0x60010fce595077cb:0x1f2ce2b2af63cdb2!8m2!3d34.9314448!4d135.7836473!16s%2Fg%2F11c6z0j0by!19sChIJy3dQWc4PAWARss1jr7LiLB8?authuser=0&hl=es-419&rclk=1,Moto Works Fushimi
https://www.google.com/maps/place/Haneda+Motorcycle/data=!4m7!3m6!1s0x600108c5b277771f:0x37837715b3594aa!8m2!3d34.9997085!4d135.777565!16s%2Fg%2F1thlmzrc!19sChIJH3d3ssUIAWARqpQ1W3E3eAM?authuser=0&hl=es-419&rclk=1,Haneda Motorcycle
https://www.google.com/maps/place/%E8%87%AA%E8%BB%A2%E8%BB%8A%E3%81%AE%E3%83%AA%E3%82%B5%E3%83%9E%E3%82%A4+%E4%BA%AC%E9%83%BD%E5%BA%97/data=!4m7!3m6!1s0x6001055ef08031e3:0x7c8a8cad743517d2!8m2!3d34.9300576!4d135.7516324!16s%2Fg%2F11f9sj0bln!19sChIJ4zGA8F4FAWAR0hc1dK2Minw?authuser=0&hl=es-419&rclk=1,自転車のリサマイ 京都店
https://www.google.com/maps/place/Aeon+Bike+Kumiyama/data=!4m7!3m6!1s0x60011bba4ea7f05f:0xab5d1a22df002c9!8m2!3d34.8938837!4d135.7462085!16s%2Fg%2F11g3vr3g5n!19sChIJX_CnTrobAWARyQLwLaLRtQo?authuser=0&hl=es-419&rclk=1,Aeon Bike Kumiyama
https://www.google.com/maps/place/CYCLE+SHOP+iBEX%EF%BC%88%E3%82%B5%E3%82%A4%E3%82%AF%E3%83%AB%E3%82%B7%E3%83%A7%E3%83%83%E3%83%97%E3%82%A2%E3%82%A4%E3%83%99%E3%83%83%E3%82%AF%E3%82%B9%EF%BC%89/data=!4m7!3m6!1s0x6001102dec964e17:0xf34effab5be7f706!8m2!3d34.9135103!4d135.7863817!16s%2Fg%2F11sdxd3n4m!19sChIJF06W7C0QAWARBvfnW6v_TvM?authuser=0&hl=es-419&rclk=1,CYCLE SHOP iBEX（サイクルショップアイベックス）
https://www.google.com/maps/place/Kondo+Motorcycle+Store/data=!4m7!3m6!1s0x600111c6f1ed630f:0xe20ef2a938b8611a!8m2!3d34.9142491!4d135.8023853!16s%2Fg%2F1td60mw1!19sChIJD2Pt8cYRAWARGmG4OKnyDuI?authuser=0&hl=es-419&rclk=1,Kondo Motorcycle Store
https://www.google.com/maps/place/%E4%B8%89%E3%83%84%E6%98%9F%E8%87%AA%E8%BB%A2%E8%BB%8A%E5%95%86%E4%BC%9A/data=!4m7!3m6!1s0x6001110964deba21:0x1c998ea2e94789af!8m2!3d34.891192!4d135.8038604!16s%2Fg%2F11b6dhsqts!19sChIJIbreZAkRAWARr4lH6aKOmRw?authuser=0&hl=es-419&rclk=1,三ツ星自転車商会
https://www.google.com/maps/place/Kon%27s+Cycle/data=!4m7!3m6!1s0x600111579c9539e1:0x21b5e65f5c1d7345!8m2!3d34.9158641!4d135.7827435!16s%2Fg%2F11frm01zrg!19sChIJ4TmVnFcRAWARRXMdXF_mtSE?authuser=0&hl=es-419&rclk=1,Kon's Cycle
https://www.google.com/maps/place/Fushimi+Nirinkan/data=!4m7!3m6!1s0x6001053262a0c2b3:0xfcb273d4708dc554!8m2!3d34.941114!4d135.7453494!16s%2Fg%2F11pr6djhtm!19sChIJs8KgYjIFAWARVMWNcNRzsvw?authuser=0&hl=es-419&rclk=1,Fushimi Nirinkan
https://www.google.com/maps/place/Mitaki+Motorcycle+Store/data=!4m7!3m6!1s0x60010f74d3a6d5df:0x80348c516e598dcb!8m2!3d34.9526583!4d135.7708701!16s%2Fg%2F1wg5xxml!19sChIJ39Wm03QPAWARy41ZblGMNIA?authuser=0&hl=es-419&rclk=1,Mitaki Motorcycle Store
https://www.google.com/maps/place/Aozora+Auto/data=!4m7!3m6!1s0x600105a615527463:0xb7977ad386ced75!8m2!3d34.932413!4d135.7249075!16s%2Fg%2F11r779rlkw!19sChIJY3RSFaYFAWARde1sOK13eQs?authuser=0&hl=es-419&rclk=1,Aozora Auto
https://www.google.com/maps/place/Bike+Shop+Human/data=!4m7!3m6!1s0x60010fcd0d4a73d1:0xd93b2d81551045c5!8m2!3d34.932395!4d135.788155!16s%2Fg%2F1tflg3zf!19sChIJ0XNKDc0PAWARxUUQVYEtO9k?authuser=0&hl=es-419&rclk=1,Bike Shop Human
https://www.google.com/maps/place/Kitaguchi+Motors/data=!4m7!3m6!1s0x60010f7b06d41ae1:0xc98d8c9d49d86ae1!8m2!3d34.9514352!4d135.7589086!16s%2Fg%2F1ttpgt11!19sChIJ4RrUBnsPAWAR4WrYSZ2Mjck?authuser=0&hl=es-419&rclk=1,Kitaguchi Motors
https://www.google.com/maps/place/Shibata+Cycleauto/data=!4m7!3m6!1s0x600110430053e1f3:0xdf14765ddb9ff1de!8m2!3d34.891176!4d135.7735448!16s%2Fg%2F1wf21rzd!19sChIJ8-FTAEMQAWAR3vGf2112FN8?authuser=0&hl=es-419&rclk=1,Shibata Cycleauto
https://www.google.com/maps/place/%E3%82%B5%E3%82%A4%E3%82%AF%E3%83%AB%E3%82%B7%E3%83%A7%E3%83%83%E3%83%97%E6%A0%84%E5%85%89/data=!4m7!3m6!1s0x600111bb81dff513:0x2b3b0671694fe00e!8m2!3d34.9052044!4d135.8040074!16s%2Fg%2F1tgdt0vx!19sChIJE_XfgbsRAWARDuBPaXEGOys?authuser=0&hl=es-419&rclk=1,サイクルショップ栄光
https://www.google.com/maps/place/diatec+LTD./data=!4m7!3m6!1s0x60010fed3a484423:0xa7fef9a60be3e770!8m2!3d34.9280345!4d135.7630792!16s%2Fg%2F1tjxfkgd!19sChIJI0RIOu0PAWARcOfjC6b5_qc?authuser=0&hl=es-419&rclk=1,diatec LTD.
https://www.google.com/maps/place/%E3%83%A2%E3%83%88%E3%83%9E%E3%83%83%E3%82%AF/data=!4m7!3m6!1s0x600111d81180b0a1:0xdcc7d20a66c0b3ca!8m2!3d34.9271877!4d135.7998837!16s%2Fg%2F1tftq_80!19sChIJobCAEdgRAWARyrPAZgrSx9w?authuser=0&hl=es-419&rclk=1,モトマック
https://www.google.com/maps/place/Bike+Shop+Yamamoto/data=!4m7!3m6!1s0x60010fa2727b476b:0xbb6609945e6c50c!8m2!3d34.944749!4d135.7716633!16s%2Fg%2F1v8k_hwg!19sChIJa0d7cqIPAWARDMXmRZlgtgs?authuser=0&hl=es-419&rclk=1,Bike Shop Yamamoto
https://www.google.com/maps/place/Cycle+Paddock+Tanaka/data=!4m7!3m6!1s0x6001052437435f57:0xbfa9d0a37f8607d7!8m2!3d34.9028536!4d135.7198894!16s%2Fg%2F1thtd0d1!19sChIJV19DNyQFAWAR1weGf6PQqb8?authuser=0&hl=es-419&rclk=1,Cycle Paddock Tanaka
https://www.google.com/maps/place/Casuno+Motorcycle/data=!4m7!3m6!1s0x60010570831938e5:0x3434e7882236b09e!8m2!3d34.930938!4d135.742445!16s%2Fg%2F1tgx6hrc!19sChIJ5TgZg3AFAWARnrA2IojnNDQ?authuser=0&hl=es-419&rclk=1,Casuno Motorcycle
https://www.google.com/maps/place/Uno%27s+Cycles/data=!4m7!3m6!1s0x60010f6ab212f97b:0x1eac4d4f6b98c0ae!8m2!3d34.967296!4d135.770821!16s%2Fg%2F1th638j3!19sChIJe_kSsmoPAWARrsCYa09NrB4?authuser=0&hl=es-419&rclk=1,Uno's Cycles
https://www.google.com/maps/place/%E3%83%A6%E3%83%BC%E3%82%B7%E3%83%A7%E3%83%83%E3%83%97%E3%83%95%E3%82%B8%E3%82%BF/data=!4m7!3m6!1s0x600111a3d8540f19:0x7a876cd5d9638b61!8m2!3d34.899503!4d135.805895!16s%2Fg%2F1tcvp53n!19sChIJGQ9U2KMRAWARYYtj2dVsh3o?authuser=0&hl=es-419&rclk=1,ユーショップフジタ
https://www.google.com/maps/place/Cycle+Base+Asahi+Yamashina/data=!4m7!3m6!1s0x60010e9396dcc5f5:0x36553099ce715a44!8m2!3d34.9814888!4d135.8120978!16s%2Fg%2F12hp7kywg!19sChIJ9cXclpMOAWARRFpxzpkwVTY?authuser=0&hl=es-419&rclk=1,Cycle Base Asahi Yamashina
https://www.google.com/maps/place/Kon%27s+Cylce+Yamashina/data=!4m7!3m6!1s0x60010e890bcd423d:0xfca4fe8814e8efac!8m2!3d34.9727388!4d135.815118!16s%2Fg%2F1tk8nhjj!19sChIJPULNC4kOAWARrO_oFIj-pPw?authuser=0&hl=es-419&rclk=1,Kon's Cylce Yamashina
https://www.google.com/maps/place/%E4%BA%8C%E8%BC%AA%E9%A4%A8%EF%BC%A8%EF%BC%A1%EF%BC%B2%EF%BC%A1%EF%BC%A4%EF%BC%A1/data=!4m7!3m6!1s0x600111a1d0a22367:0x51d7c19e786630e!8m2!3d34.8989492!4d135.8086431!16s%2Fg%2F1tfvz17z!19sChIJZyOi0KERAWARDmOG5xl8HQU?authuser=0&hl=es-419&rclk=1,二輪館ＨＡＲＡＤＡ
https://www.google.com/maps/place/%EF%BC%B3%EF%BC%A2%EF%BC%B3%E3%82%A6%E3%82%A4%E3%83%AA%E3%83%BC%E5%AE%87%E6%B2%BB/data=!4m7!3m6!1s0x60011108ebe3813b:0xe90bdfd462d974a7!8m2!3d34.8979619!4d135.7929859!16s%2Fg%2F1tfvh364!19sChIJO4Hj6wgRAWARp3TZYtTfC-k?authuser=0&hl=es-419&rclk=1,ＳＢＳウイリー宇治
https://www.google.com/maps/place/AUTO+SHOP+Katsuya+%28%E3%82%AA%E3%83%BC%E3%83%88%E3%82%B7%E3%83%A7%E3%83%83%E3%83%97%E3%83%BB%E3%82%AB%E3%83%84%E3%83%A4%29/data=!4m7!3m6!1s0x60010583db3caf7f:0xa23a78c40c578474!8m2!3d34.9420808!4d135.7469917!16s%2Fg%2F11r8yvm_q!19sChIJf68824MFAWARdIRXDMR4OqI?authuser=0&hl=es-419&rclk=1,AUTO SHOP Katsuya (オートショップ・カツヤ)
https://www.google.com/maps/place/%E5%A4%A9%E5%92%8C%E5%95%86%E5%BA%97/data=!4m7!3m6!1s0x60010f68d22d60a7:0x22595ecfda4b8db7!8m2!3d34.9602562!4d135.7634745!16s%2Fg%2F11f3wtwfy3!19sChIJp2At0mgPAWARt41L2s9eWSI?authuser=0&hl=es-419&rclk=1,天和商店
https://www.google.com/maps/place/Tokuyama+Motorcycle+Store/data=!4m7!3m6!1s0x60010fc3c5cb0923:0xaa3ef427ab554f72!8m2!3d34.9287439!4d135.7737185!16s%2Fg%2F1tdxqc25!19sChIJIwnLxcMPAWARck9Vqyf0Pqo?authuser=0&hl=es-419&rclk=1,Tokuyama Motorcycle Store
https://www.google.com/maps/place/%E4%B8%AD%E5%B6%8B%E5%95%86%E4%BC%9A+%E6%A7%87%E5%B3%B6%E5%BA%97/data=!4m7!3m6!1s0x6001102f06c308ad:0x507888d7864c6214!8m2!3d34.9134123!4d135.7828332!16s%2Fg%2F11cn5smhy5!19sChIJrQjDBi8QAWARFGJMhteIeFA?authuser=0&hl=es-419&rclk=1,中嶋商会 槇島店
https://www.google.com/maps/place/%E3%83%93%E3%83%83%E3%82%AF%E3%83%AF%E3%83%B3%EF%BC%AD%EF%BC%A1%EF%BC%B4%EF%BC%B5%EF%BC%AD%EF%BC%AF%EF%BC%B4%EF%BC%AF%E6%A7%87%E5%B3%B6%E5%BA%97/data=!4m7!3m6!1s0x6001103b616087bf:0xba893148db294369!8m2!3d34.9066156!4d135.7760098!16s%2Fg%2F1tgnrkmz!19sChIJv4dgYTsQAWARaUMp20gxibo?authuser=0&hl=es-419&rclk=1,ビックワンＭＡＴＵＭＯＴＯ槇島店
https://www.google.com/maps/place/Murai+Motors/data=!4m7!3m6!1s0x60010f12add5749d:0x555c7e1c5ad474d1!8m2!3d34.9593315!4d135.7703903!16s%2Fg%2F1x5fb7tr!19sChIJnXTVrRIPAWAR0XTUWhx-XFU?authuser=0&hl=es-419&rclk=1,Murai Motors
https://www.google.com/maps/place/Hitomi+Motors/data=!4m7!3m6!1s0x600109ba726a961d:0xe76e4367e0f632ca!8m2!3d34.9933704!4d135.7629188!16s%2Fg%2F11t1h52nq1!19sChIJHZZqcroJAWARyjL24GdDbuc?authuser=0&hl=es-419&rclk=1,Hitomi Motors
https://www.google.com/maps/place/Meigaya/data=!4m7!3m6!1s0x600108fa37fb711d:0xc239ec116d6a80e6!8m2!3d35.0290508!4d135.7783809!16s%2Fg%2F11bwzz2b6s!19sChIJHXH7N_oIAWAR5oBqbRHsOcI?authuser=0&hl=es-419&rclk=1,Meigaya
https://www.google.com/maps/place/%E3%83%80%E3%82%A4%E3%83%AF%E3%82%B5%E3%82%A4%E3%82%AF%E3%83%AB+%E5%90%91%E6%97%A5%E4%B8%8A%E6%A4%8D%E9%87%8E%E5%BA%97/data=!4m7!3m6!1s0x600105903aa9f355:0x5725c178f25c0fda!8m2!3d34.9334642!4d135.7036749!16s%2Fg%2F11y64q5kb_!19sChIJVfOpOpAFAWAR2g9c8njBJVc?authuser=0&hl=es-419&rclk=1,ダイワサイクル 向日上植野店
https://www.google.com/maps/place/%E4%B8%B8%E5%B1%B1%E5%95%86%E4%BC%9A/data=!4m7!3m6!1s0x600108f3a65e9199:0x2be03030e2ce87d3!8m2!3d35.017427!4d135.7729877!16s%2Fg%2F11g1b1dff9!19sChIJmZFepvMIAWAR04fO4jAw4Cs?authuser=0&hl=es-419&rclk=1,丸山商会
https://www.google.com/maps/place/B.B+HOUSE+%E3%83%9E%E3%83%AB%E3%83%8B/data=!4m7!3m6!1s0x60010902dc23ffff:0xcf3a90cd6fbbce2c!8m2!3d35.0229922!4d135.7920823!16s%2Fg%2F1td_yhkb!19sChIJ__8j3AIJAWARLM67b82QOs8?authuser=0&hl=es-419&rclk=1,B.B HOUSE マルニ
https://www.google.com/maps/place/%E6%9E%97%E7%94%B0%E8%87%AA%E8%BB%A2%E8%BB%8A%E5%95%86%E4%BC%9A/data=!4m7!3m6!1s0x60011153f0e43fc1:0xbe91f1a5593a6648!8m2!3d34.886594!4d135.7943001!16s%2Fg%2F11jfjk4376!19sChIJwT_k8FMRAWARSGY6WaXxkb4?authuser=0&hl=es-419&rclk=1,林田自転車商会
https://www.google.com/maps/place/%E3%82%B5%E3%82%A4%E3%82%AF%E3%83%AB%E3%83%A9%E3%83%B3%E3%83%89%E3%82%BF%E3%82%B1%E3%83%8A%E3%82%AB%E5%B1%B1%E7%A7%91%E5%BA%97/data=!4m7!3m6!1s0x60010f41bdc29a89:0x9cf9ad90f91a84b9!8m2!3d34.9745938!4d135.8159997!16s%2Fg%2F11krktzrtf!19sChIJiZrCvUEPAWARuYQa-ZCt-Zw?authuser=0&hl=es-419&rclk=1,サイクルランドタケナカ山科店
https://www.google.com/maps/place/Peacock+Nagaoka/data=!4m7!3m6!1s0x6001044296c40001:0x253dafd7b1fac695!8m2!3d34.9261225!4d135.6960665!16s%2Fg%2F11cssnfz5g!19sChIJAQDElkIEAWARlcb6sdevPSU?authuser=0&hl=es-419&rclk=1,Peacock Nagaoka
https://www.google.com/maps/place/%E3%82%B5%E3%82%A4%E3%82%AF%E3%83%AB%E3%83%8F%E3%83%86%E3%83%8A%EF%BC%88%E3%82%A8%E3%82%A4%E3%83%AA%E3%83%B3%E4%B8%B8%E5%A4%AA%E7%94%BA%E5%BA%97%E5%88%A5%E9%A4%A8%EF%BC%89/data=!4m7!3m6!1s0x6001088b1a51637f:0xb141a366b21748c4!8m2!3d35.0179549!4d135.7694271!16s%2Fg%2F11f4r0wp3j!19sChIJf2NRGosIAWARxEgXsmajQbE?authuser=0&hl=es-419&rclk=1,サイクルハテナ（エイリン丸太町店別館）
https://www.google.com/maps/place/%E3%83%9D%E3%83%83%E3%83%9D%E8%87%AA%E8%BB%A2%E8%BB%8A+%E9%95%B7%E5%B2%A1%E5%BA%97/data=!4m7!3m6!1s0x60010441dff71f4d:0x92af57bac84e7741!8m2!3d34.9300092!4d135.695281!16s%2Fg%2F1vlzb7xx!19sChIJTR_330EEAWARQXdOyLpXr5I?authuser=0&hl=es-419&rclk=1,ポッポ自転車 長岡店
https://www.google.com/maps/place/%E3%83%90%E3%82%A4%E3%82%AF%E3%82%B7%E3%83%A7%E3%83%83%E3%83%97+%E3%83%88%E3%83%A2%E3%83%83%E3%83%88%EF%BC%88%E6%97%A7%E3%82%B7%E3%83%AB%E3%83%90%E3%83%A9%E3%83%BC%E3%83%89%E5%B1%B1%E7%A7%91%E5%BA%97%EF%BC%89/data=!4m7!3m6!1s0x60010f165100f313:0x41beb79dd0f0b072!8m2!3d34.9747888!4d135.7956347!16s%2Fg%2F11fctczg2h!19sChIJE_MAURYPAWARcrDw0J23vkE?authuser=0&hl=es-419&rclk=1,バイクショップ トモット（旧シルバラード山科店）
https://www.google.com/maps/place/Hayashi+Cycle+Motor/data=!4m7!3m6!1s0x600108c0c6016a21:0x2e67074568a34f10!8m2!3d35.000368!4d135.772524!16s%2Fg%2F1tcykyj_!19sChIJIWoBxsAIAWAREE-jaEUHZy4?authuser=0&hl=es-419&rclk=1,Hayashi Cycle Motor
https://www.google.com/maps/place/Edion+-+Kyoto+Kawaramachi+Main+Store/data=!4m7!3m6!1s0x600109fd0af2dbc9:0x27e5ec473285731b!8m2!3d35.0034526!4d135.7697595!16s%2Fg%2F11pwffgrjg!19sChIJydvyCv0JAWARG3OFMkfs5Sc?authuser=0&hl=es-419&rclk=1,Edion - Kyoto Kawaramachi Main Store
